<?xml version="1.0" encoding="utf-8"?>
<AxSecurityRole xmlns:i="http://www.w3.org/2001/XMLSchema-instance">
	<Name>ZKShippingService</Name>
	<Description>Shipping service</Description>
	<Label>Shipping service</Label>
	<DirectAccessPermissions />
	<Duties />
	<Privileges>
		<AxSecurityPrivilegeReference>
			<Name>ZKShippingServiceMaintain</Name>
		</AxSecurityPrivilegeReference>
		<AxSecurityPrivilegeReference>
			<Name>ZKShippingServiceView</Name>
		</AxSecurityPrivilegeReference>
	</Privileges>
	<SubRoles />
</AxSecurityRole>