<?xml version="1.0" encoding="utf-8"?>
<AxTableExtension xmlns:i="http://www.w3.org/2001/XMLSchema-instance">
	<Name>TMSCarrier.ZKShippingManagement</Name>
	<FieldGroupExtensions />
	<FieldGroups>
		<AxTableFieldGroup>
			<Name>ZKDefaultPackageDimensions</Name>
			<Label>Default dimensions</Label>
			<Fields>
				<AxTableFieldGroupField>
					<DataField>ZKDefaultPackageHeight</DataField>
				</AxTableFieldGroupField>
				<AxTableFieldGroupField>
					<DataField>ZKDefaultPackageWidth</DataField>
				</AxTableFieldGroupField>
				<AxTableFieldGroupField>
					<DataField>ZKDefaultPackageWeight</DataField>
				</AxTableFieldGroupField>
				<AxTableFieldGroupField>
					<DataField>ZKDefaultPackageLength</DataField>
				</AxTableFieldGroupField>
				<AxTableFieldGroupField>
					<DataField>ZKDefaultPackageValue</DataField>
				</AxTableFieldGroupField>
			</Fields>
		</AxTableFieldGroup>
	</FieldGroups>
	<FieldModifications />
	<Fields>
		<AxTableField xmlns=""
			i:type="AxTableFieldString">
			<Name>ZKCarrierCode</Name>
			<AllowEdit>No</AllowEdit>
			<ExtendedDataType>ZKCarrierCode</ExtendedDataType>
		</AxTableField>
		<AxTableField xmlns=""
			i:type="AxTableFieldEnum">
			<Name>ZKSupported</Name>
			<EnumType>NoYes</EnumType>
		</AxTableField>
		<AxTableField xmlns=""
			i:type="AxTableFieldReal">
			<Name>ZKDefaultPackageWidth</Name>
			<ExtendedDataType>ZKPackageWidth</ExtendedDataType>
		</AxTableField>
		<AxTableField xmlns=""
			i:type="AxTableFieldReal">
			<Name>ZKDefaultPackageWeight</Name>
			<ExtendedDataType>ZKPackageWeight</ExtendedDataType>
		</AxTableField>
		<AxTableField xmlns=""
			i:type="AxTableFieldReal">
			<Name>ZKDefaultPackageValue</Name>
			<ExtendedDataType>ZKPackageValue</ExtendedDataType>
		</AxTableField>
		<AxTableField xmlns=""
			i:type="AxTableFieldReal">
			<Name>ZKDefaultPackageLength</Name>
			<ExtendedDataType>ZKPackageLength</ExtendedDataType>
		</AxTableField>
		<AxTableField xmlns=""
			i:type="AxTableFieldReal">
			<Name>ZKDefaultPackageHeight</Name>
			<ExtendedDataType>ZKPackageHeight</ExtendedDataType>
		</AxTableField>
		<AxTableField xmlns=""
			i:type="AxTableFieldInt64">
			<Name>ZKPostalAddressRecId</Name>
			<ExtendedDataType>ZKPostalAddressRecId</ExtendedDataType>
		</AxTableField>
	</Fields>
	<Indexes />
	<Mappings />
	<PropertyModifications />
	<Relations>
		<AxTableRelation xmlns=""
			i:type="AxTableRelationForeignKey">
			<Name>LogisticsPostalAddress</Name>
			<RelatedTable>LogisticsPostalAddress</RelatedTable>
			<Constraints>
				<AxTableRelationConstraint xmlns=""
					i:type="AxTableRelationConstraintField">
					<Name>ZKPostalAddressRecId</Name>
					<Field>ZKPostalAddressRecId</Field>
					<RelatedField>RecId</RelatedField>
				</AxTableRelationConstraint>
			</Constraints>
			<Index>RecId</Index>
		</AxTableRelation>
	</Relations>
</AxTableExtension>