<?xml version="1.0" encoding="utf-8"?>
<AxTableExtension xmlns:i="http://www.w3.org/2001/XMLSchema-instance">
	<Name>TMSCarrierService.ZKShippingManagement</Name>
	<FieldGroupExtensions />
	<FieldGroups />
	<FieldModifications />
	<Fields>
		<AxTableField xmlns=""
			i:type="AxTableFieldString">
			<Name>ZKSlug</Name>
			<ExtendedDataType>ZKSlug</ExtendedDataType>
		</AxTableField>
		<AxTableField xmlns=""
			i:type="AxTableFieldEnum">
			<Name>ZKSupported</Name>
			<EnumType>NoYes</EnumType>
		</AxTableField>
	</Fields>
	<Indexes />
	<Mappings />
	<PropertyModifications />
	<Relations />
</AxTableExtension>