<?xml version="1.0" encoding="utf-8"?>
<AxForm xmlns:i="http://www.w3.org/2001/XMLSchema-instance" xmlns="Microsoft.Dynamics.AX.Metadata.V6">
	<Name>ZKAddShippingAccount</Name>
	<SourceCode>
		<Methods xmlns="">
			<Method>
				<Name>classDeclaration</Name>
				<Source><![CDATA[
[Form]
public class ZKAddShippingAccount extends FormRun
{
    Object caller;
    ZKShippingAccountKeysTmp shippingAccountKeysTmp;
}
]]></Source>
			</Method>
			<Method>
				<Name>init</Name>
				<Source><![CDATA[
    /// <summary>
    ///
    /// </summary>
    public void init()
    {
        ZKParameters parameters = ZKParameters::getParameters();

        super();

        caller = this.args().caller();
    }

]]></Source>
			</Method>
			<Method>
				<Name>insertValue</Name>
				<Source><![CDATA[
    /// <summary>
    ///
    /// </summary>
    private void insertValue()
    {
        ZKShippingAccount shippingAccounts;
        ZKShippingAccountKeys shippingAccountKeys;
        ZKShippingAccountKeysTmp tmp =
            ZKShippingAccountKeysTmp_ds.getFirst() as ZKShippingAccountKeysTmp;

        ttsbegin;

        shippingAccounts.initValue();
        shippingAccounts.ZKName             = ZKInit_ZKName.text();
        shippingAccounts.ZKCarrierCode      = ZKInit_ZKCarrierCode.text();
        shippingAccounts.ZKCountryId        = ZKInit_ZKCountryId.text();
        shippingAccounts.insert();

        while(tmp)
        {
            shippingAccountKeys.initValue();
            shippingAccountKeys.ZKKey = tmp.ZKKey;
            shippingAccountKeys.ZKSlug = tmp.ZKSlug;
            shippingAccountKeys.ZKValue = tmp.ZKValue;
            shippingAccountKeys.ZKShippingAccount = shippingAccounts.RecId;
            shippingAccountKeys.insert();

            tmp =
                ZKShippingAccountKeysTmp_ds.getNext() as ZKShippingAccountKeysTmp;
        }

        ttscommit;
    }

]]></Source>
			</Method>
			<Method>
				<Name>validateValue</Name>
				<Source><![CDATA[
    /// <summary>
    ///
    /// </summary>
    private int validateValue()
    {
        if(
            ZKInit_ZKName.text() == "" ||
            ZKInit_ZKCarrierCode.text() == "" ||
            ZKInit_ZKCountryId.text() == ""
            )
            return 0;
        return 1;
    }

]]></Source>
			</Method>
		</Methods>
		<DataSources xmlns="" />
		<DataControls xmlns="">
			<Control>
				<Name>ZKInit_ZKCarrierCode</Name>
				<Type>String</Type>
				<Methods>
					<Method>
						<Name>lookup</Name>
						<Source><![CDATA[
        /// <summary>
        ///
        /// </summary>
        public void lookup()
        {
            Query query = new Query();
            QueryBuildDataSource queryBuildDataSource;
            QueryBuildRange queryBuildRange;

            SysTableLookup sysTableLookup = SysTableLookup::newParameters(tableNum(TMSCarrier), this);

            sysTableLookup.addLookupField(fieldNum(TMSCarrier, Name));
            sysTableLookup.addLookupField(fieldNum(TMSCarrier, CarrierCode), true);

            queryBuildDataSource = query.addDataSource(tableNum(TMSCarrier));

            sysTableLookup.parmQuery(query);

            sysTableLookup.performFormLookup();
        }

]]></Source>
					</Method>
					<Method>
						<Name>modified</Name>
						<Source><![CDATA[
        /// <summary>
        ///
        /// </summary>
        /// <returns></returns>
        public boolean modified()
        {
            ZKCarrierAuth carrierAuth;
            boolean ret;
        
            ret = super();
            
     
            shippingAccountKeysTmp.setTmp();
            delete_from shippingAccountKeysTmp;

            while select * from carrierAuth
            where carrierAuth.ZKCarrierCode == ZKInit_ZKCarrierCode.valueStr()
            {
                shippingAccountKeysTmp.initValue();
                shippingAccountKeysTmp.ZKAuthType = carrierAuth.ZKAuthType;
                shippingAccountKeysTmp.ZKKey = carrierAuth.ZKName;
                shippingAccountKeysTmp.ZKRequired = carrierAuth.ZKRequired;
                shippingAccountKeysTmp.ZKSlug = carrierAuth.ZKSlug;
                shippingAccountKeysTmp.insert();
            }

            ZKShippingAccountKeysTmp.setTmpData(shippingAccountKeysTmp);
            ZKShippingAccountKeysTmp_ds.research();
            ZKShippingAccountKeysTmp_ds.reread();
            return ret;
        }

]]></Source>
					</Method>
				</Methods>
			</Control>
			<Control>
				<Name>ZKInit_ZKCountryId</Name>
				<Type>String</Type>
				<Methods>
					<Method>
						<Name>lookup</Name>
						<Source><![CDATA[
        /// <summary>
        ///
        /// </summary>
        public void lookup()
        {
            Query query = new Query();
            QueryBuildDataSource queryBuildDataSource;
            QueryBuildRange queryBuildRange;

            SysTableLookup sysTableLookup = SysTableLookup::newParameters(tableNum(LogisticsAddressCountryRegion), this);

            sysTableLookup.addLookupMethod(tableMethodStr(LogisticsAddressCountryRegion, displayName));
            sysTableLookup.addLookupField(fieldNum(LogisticsAddressCountryRegion, CountryRegionId), true);

            queryBuildDataSource = query.addDataSource(tableNum(LogisticsAddressCountryRegion));

            sysTableLookup.parmQuery(query);

            sysTableLookup.performFormLookup();
        }

]]></Source>
					</Method>
				</Methods>
			</Control>
			<Control>
				<Name>commandButtonOK</Name>
				<Type>CommandButton</Type>
				<Methods>
					<Method>
						<Name>clicked</Name>
						<Source><![CDATA[
        /// <summary>
        ///
        /// </summary>
        public void clicked()
        {
            if(!element.validateValue())
               return;

            element.insertValue();
            caller.RefreshShippingAccounts();
            super();
        }

]]></Source>
					</Method>
				</Methods>
			</Control>
		</DataControls>
		<Members xmlns="" />
	</SourceCode>
	<DataSources>
		<AxFormDataSource xmlns="">
			<Name>ZKShippingAccountKeysTmp</Name>
			<Table>ZKShippingAccountKeysTmp</Table>
			<Fields>
				<AxFormDataSourceField>
					<DataField>DataAreaId</DataField>
				</AxFormDataSourceField>
				<AxFormDataSourceField>
					<DataField>Partition</DataField>
				</AxFormDataSourceField>
				<AxFormDataSourceField>
					<DataField>RecId</DataField>
				</AxFormDataSourceField>
				<AxFormDataSourceField>
					<DataField>TableId</DataField>
				</AxFormDataSourceField>
				<AxFormDataSourceField>
					<DataField>ZKAuthType</DataField>
				</AxFormDataSourceField>
				<AxFormDataSourceField>
					<DataField>ZKKey</DataField>
				</AxFormDataSourceField>
				<AxFormDataSourceField>
					<DataField>ZKRequired</DataField>
				</AxFormDataSourceField>
				<AxFormDataSourceField>
					<DataField>ZKShippingAccount</DataField>
				</AxFormDataSourceField>
				<AxFormDataSourceField>
					<DataField>ZKSlug</DataField>
				</AxFormDataSourceField>
				<AxFormDataSourceField>
					<DataField>ZKValue</DataField>
				</AxFormDataSourceField>
			</Fields>
			<ReferencedDataSources />
			<LinkType>Passive</LinkType>
			<DataSourceLinks />
			<DerivedDataSources />
		</AxFormDataSource>
	</DataSources>
	<Design>
		<Caption xmlns="">@ZKSM:ZKSM0015</Caption>
		<DialogSize xmlns="">Medium</DialogSize>
		<Pattern xmlns="">Dialog</Pattern>
		<PatternVersion xmlns="">1.2</PatternVersion>
		<Style xmlns="">Dialog</Style>
		<Controls xmlns="">
			<AxFormControl xmlns=""
				i:type="AxFormStaticTextControl">
				<Name>StaticTextHeadLine</Name>
				<ExtendedStyle>dialog_secondaryInstruction</ExtendedStyle>
				<Type>StaticText</Type>
				<WidthMode>SizeToAvailable</WidthMode>
				<FormControlExtension
					i:nil="true" />
				<Text>@ZKSM:ZKSM0015</Text>
			</AxFormControl>
			<AxFormControl xmlns=""
				i:type="AxFormGroupControl">
				<Name>ZKOverview</Name>
				<Pattern>Custom</Pattern>
				<Type>Group</Type>
				<WidthMode>SizeToAvailable</WidthMode>
				<FormControlExtension
					i:nil="true" />
				<Controls>
					<AxFormControl xmlns=""
						i:type="AxFormStringControl">
						<Name>ZKInit_ZKName</Name>
						<AutoDeclaration>Yes</AutoDeclaration>
						<HeightMode>Auto</HeightMode>
						<Type>String</Type>
						<WidthMode>Auto</WidthMode>
						<FormControlExtension
							i:nil="true" />
						<ExtendedDataType>Name</ExtendedDataType>
						<Mandatory>Yes</Mandatory>
					</AxFormControl>
					<AxFormControl xmlns=""
						i:type="AxFormStringControl">
						<Name>ZKInit_ZKCarrierCode</Name>
						<AutoDeclaration>Yes</AutoDeclaration>
						<HeightMode>Auto</HeightMode>
						<Type>String</Type>
						<WidthMode>Auto</WidthMode>
						<FormControlExtension
							i:nil="true" />
						<ExtendedDataType>TMSCarrierCode</ExtendedDataType>
						<Mandatory>Yes</Mandatory>
					</AxFormControl>
					<AxFormControl xmlns=""
						i:type="AxFormStringControl">
						<Name>ZKInit_ZKCountryId</Name>
						<AutoDeclaration>Yes</AutoDeclaration>
						<HeightMode>Auto</HeightMode>
						<Type>String</Type>
						<WidthMode>Auto</WidthMode>
						<FormControlExtension
							i:nil="true" />
						<ExtendedDataType>LogisticsAddressCountryRegionId</ExtendedDataType>
						<Mandatory>Yes</Mandatory>
					</AxFormControl>
				</Controls>
				<Caption>@ZKSM:ZKSM0050</Caption>
				<Style>DialogContent</Style>
			</AxFormControl>
			<AxFormControl xmlns=""
				i:type="AxFormGroupControl">
				<Name>ZKAuthorization</Name>
				<HeightMode>SizeToAvailable</HeightMode>
				<Pattern>Custom</Pattern>
				<Type>Group</Type>
				<WidthMode>SizeToAvailable</WidthMode>
				<FormControlExtension
					i:nil="true" />
				<Controls>
					<AxFormControl xmlns=""
						i:type="AxFormGridControl">
						<Name>KeysGrid</Name>
						<HeightMode>Auto</HeightMode>
						<Type>Grid</Type>
						<WidthMode>Auto</WidthMode>
						<FormControlExtension
							i:nil="true" />
						<Controls>
							<AxFormControl xmlns=""
								i:type="AxFormStringControl">
								<Name>KeysGrid_ZKKey</Name>
								<Type>String</Type>
								<FormControlExtension
									i:nil="true" />
								<DataField>ZKKey</DataField>
								<DataSource>ZKShippingAccountKeysTmp</DataSource>
							</AxFormControl>
							<AxFormControl xmlns=""
								i:type="AxFormStringControl">
								<Name>KeysGrid_ZKValue</Name>
								<Type>String</Type>
								<FormControlExtension
									i:nil="true" />
								<DataField>ZKValue</DataField>
								<DataSource>ZKShippingAccountKeysTmp</DataSource>
							</AxFormControl>
						</Controls>
						<DataGroup>Overview</DataGroup>
						<DataSource>ZKShippingAccountKeysTmp</DataSource>
					</AxFormControl>
				</Controls>
				<Caption>@ZKSM:ZKSM0049</Caption>
				<Style>DialogContent</Style>
			</AxFormControl>
			<AxFormControl xmlns=""
				i:type="AxFormButtonGroupControl">
				<Name>CommitContainer</Name>
				<Type>ButtonGroup</Type>
				<WidthMode>SizeToAvailable</WidthMode>
				<FormControlExtension
					i:nil="true" />
				<Controls>
					<AxFormControl xmlns=""
						i:type="AxFormCommandButtonControl">
						<Name>commandButtonOK</Name>
						<HeightMode>Auto</HeightMode>
						<Type>CommandButton</Type>
						<WidthMode>Auto</WidthMode>
						<FormControlExtension
							i:nil="true" />
						<Command>OK</Command>
					</AxFormControl>
					<AxFormControl xmlns=""
						i:type="AxFormCommandButtonControl">
						<Name>commandButtonCancel</Name>
						<HeightMode>Auto</HeightMode>
						<Type>CommandButton</Type>
						<WidthMode>Auto</WidthMode>
						<FormControlExtension
							i:nil="true" />
						<Command>Cancel</Command>
						<SaveRecord>No</SaveRecord>
					</AxFormControl>
				</Controls>
				<ArrangeMethod>HorizontalRight</ArrangeMethod>
				<Style>DialogCommitContainer</Style>
			</AxFormControl>
		</Controls>
	</Design>
	<Parts />
</AxForm>