<?xml version="1.0" encoding="utf-8"?>
<AxForm xmlns:i="http://www.w3.org/2001/XMLSchema-instance" xmlns="Microsoft.Dynamics.AX.Metadata.V6">
	<Name>ZKGetRatesList</Name>
	<SourceCode>
		<Methods xmlns="">
			<Method>
				<Name>classDeclaration</Name>
				<Source><![CDATA[
using Zenkraft.FO.Services;

[Form]
public class ZKGetRatesList extends FormRun
{
    private Object caller;
    private ZKRates rates;
    private ZKShipmentCore core;
    private ZKParameters param;

    private Header header;

}
]]></Source>
			</Method>
			<Method>
				<Name>getShipmentCore</Name>
				<Source><![CDATA[
    public ZKShipmentCore getShipmentCore()
    {
        return core;
    }

]]></Source>
			</Method>
			<Method>
				<Name>init</Name>
				<Source><![CDATA[
    public void init()
    {

        super();

        caller = this.args().caller();
        core = caller.getShipmentCore();
        this.param = ZKParameters::getParameters();
        this.initDetails();
        this.initHeader();

        rates.setTmp();
        this.callAPI();
        ZKRates.setTmpData(rates);
        
    }

]]></Source>
			</Method>
			<Method>
				<Name>initDetails</Name>
				<Source><![CDATA[
    private void initDetails()
    {
        ZKShippingAccount shippingAccountTable;

        select firstonly shippingAccountTable
            where shippingAccountTable.ZKName == core.shippigAccount;

        //set shipment details
        ShipmentIdControl.text(core.shipmentId);
        CarrierCodeControl.text(core.carrierCode);
        LoadDirectionControl.selection(WHSLoadDirection::Outbound);
        LabelType.text(core.labelType);

        //set shipping account details
        ShippingAccountControl.text(shippingAccountTable.ZKName);
        DimUnitsControl.text(shippingAccountTable.ZKDimUnits);
        WeightUnitsControl.text(shippingAccountTable.ZKWeightUnits);
        CurrencyControl.text(shippingAccountTable.ZKCurrencyCode);
    }

]]></Source>
			</Method>
			<Method>
				<Name>initHeader</Name>
				<Source><![CDATA[
    protected void initHeader()
    {
        ZKParameters parameters = ZKParameters::getParameters();
        Header hd = new Header();

        hd.URL = ZKSystemSettings::APIUrl;
        hd.zkKey = parameters.ZKAccountAPIKey;
        this.header = hd;
    }

]]></Source>
			</Method>
			<Method>
				<Name>getSelectedService</Name>
				<Source><![CDATA[
    protected ZKServiceType getSelectedService()
    {
        TMSCarrierService carrierService;
        ZKRates ratesCursor = ZKRates_ds.cursor() as ZKRates;

        select firstonly carrierService where
            carrierService.CarrierCode == core.carrierCode &&
            carrierService.ZKSlug == ratesCursor.ZKServiceType;
        return carrierService.CarrierServiceCode;
    }

]]></Source>
			</Method>
			<Method>
				<Name>callAPI</Name>
				<Source><![CDATA[
    private int callAPI()
    {
        //ZKShippingAccount shippingAccountTable = core.getShippingAccountTable();

        RateRequest request = new RateRequest();
        RateResponse response;
        Rate rate;
        Shipment shipment = new Shipment();

        int i;

        /*shipment.CarrierCode        = TMSCarrier::find(core.CarrierCode).ZKCarrierCode;
        shipment.Type               = strLwr(enum2Str(WHSLoadDirection::Outbound));
        shipment.DimUnits           = shippingAccountTable.ZKDimUnits;
        shipment.WeightUnits        = shippingAccountTable.ZKWeightUnits;
        shipment.Currency           = shippingAccountTable.ZKCurrencyCode;
        shipment.ShippingAccountId  = shippingAccountTable.ZKShippingAccountId;
        shipment.Sender             = core.getSenderAddress();
        shipment.Recipient          = core.getRecipientAddress();
        shipment.ShipDate           = core.getShipDate();
        shipment.Packages           = caller.getPackages();*/

        request.Shipment = core.getShipmentForRate(); //shipment;
        
        response = APIClient::PostRate(this.header, request);
        ZKAPILogs::Log("rate", request.ToJSON(), response.ToJSON());

        if(response.Error != null)
            return Error(response.Error.Message);
        else if(response.WebError != null)
            return Error(response.WebError.ErrorMessage);

        for(i=0; i<response.Rates.Length ; i++)
        {
            rate = response.Rates.Get(i);

            rates.initValue();
            rates.ZKCarrierCode = rate.CarrierCode;
            rates.ZKDeliveryDay = rate.DeliveryDay;
            rates.ZKName = rate.ServiceTypeName;
            rates.ZKServiceType = rate.ServiceTypeCode;
            rates.ZKTotalCost = rate.TotalCost;
            rates.CurrencyCode = rate.Currency;
            rates.insert();
        }

        return 1;
    }

]]></Source>
			</Method>
			<Method>
				<Name>closeDialog</Name>
				<Source><![CDATA[
    public void closeDialog()
    {
        if(caller != null)
            caller.closeDialog();
        this.close();
    }

]]></Source>
			</Method>
		</Methods>
		<DataSources xmlns="" />
		<DataControls xmlns="">
			<Control>
				<Name>LabelType</Name>
				<Type>String</Type>
				<Methods>
					<Method>
						<Name>lookup</Name>
						<Source><![CDATA[
        /// <summary>
        ///
        /// </summary>
        public void lookup()
        {
            Query query = new Query();
            QueryBuildDataSource queryBuildDataSource;
            QueryBuildRange queryBuildRange;

            SysTableLookup sysTableLookup = SysTableLookup::newParameters(tableNum(ZKCarrierLabelTypes), this);

            sysTableLookup.addLookupField(fieldNum(ZKCarrierLabelTypes, ZKLabelType),true);

            queryBuildDataSource = query.addDataSource(tableNum(ZKCarrierLabelTypes));

            queryBuildRange = queryBuildDataSource.addRange(fieldNum(ZKCarrierLabelTypes, ZKCarrierCode));
            queryBuildRange.value(queryValue(core.carrierCode));

            sysTableLookup.parmQuery(query);

            sysTableLookup.performFormLookup();
        }

]]></Source>
					</Method>
					<Method>
						<Name>modified</Name>
						<Source><![CDATA[
        /// <summary>
        ///
        /// </summary>
        /// <returns></returns>
        public boolean modified()
        {
            boolean ret;
        
            core.labelType = LabelType.text();
            ret = super();
        
            return ret;
        }

]]></Source>
					</Method>
				</Methods>
			</Control>
			<Control>
				<Name>LabelSize</Name>
				<Type>String</Type>
				<Methods>
					<Method>
						<Name>lookup</Name>
						<Source><![CDATA[
        /// <summary>
        ///
        /// </summary>
        public void lookup()
        {
            Query query = new Query();
            QueryBuildDataSource queryBuildDataSource;
            QueryBuildRange queryBuildRange;

            SysTableLookup sysTableLookup = SysTableLookup::newParameters(tableNum(ZKLabelTypeSizes), this);

            sysTableLookup.addLookupField(fieldNum(ZKLabelTypeSizes, ZKLabelSize),true);

            queryBuildDataSource = query.addDataSource(tableNum(ZKLabelTypeSizes));

            queryBuildRange = queryBuildDataSource.addRange(fieldNum(ZKLabelTypeSizes, ZKCarrierCode));
            queryBuildRange.value(queryValue(core.carrierCode));
            queryBuildRange = queryBuildDataSource.addRange(fieldNum(ZKLabelTypeSizes, ZKLabelType));
            queryBuildRange.value(queryValue(core.labelType));

            sysTableLookup.parmQuery(query);

            sysTableLookup.performFormLookup();
        }

]]></Source>
					</Method>
					<Method>
						<Name>modified</Name>
						<Source><![CDATA[
        /// <summary>
        ///
        /// </summary>
        /// <returns></returns>
        public boolean modified()
        {
            boolean ret;
        
            core.labelSize = LabelSize.text();
            ret = super();
        
            return ret;
        }

]]></Source>
					</Method>
				</Methods>
			</Control>
			<Control>
				<Name>RateGrid_ZKCarrierCode</Name>
				<Type>String</Type>
				<Methods>
					<Method>
						<Name>lookup</Name>
						<Source><![CDATA[
        /// <summary>
        ///
        /// </summary>
        public void lookup()
        {
            Query query = new Query();
            QueryBuildDataSource queryBuildDataSource;
            QueryBuildRange queryBuildRange;

            SysTableLookup sysTableLookup = SysTableLookup::newParameters(tableNum(TMSCarrierService), this);

            sysTableLookup.addLookupField(fieldNum(TMSCarrierService, CarrierServiceCode),true);
            sysTableLookup.addLookupField(fieldNum(TMSCarrierService, Name));

            queryBuildDataSource = query.addDataSource(tableNum(TMSCarrierService));

            queryBuildRange = queryBuildDataSource.addRange(fieldNum(TMSCarrierService, ZKSupported));
            queryBuildRange.value(queryValue(NoYes::Yes));
            queryBuildRange = queryBuildDataSource.addRange(fieldNum(TMSCarrierService, CarrierCode));
            queryBuildRange.value(queryValue(core.CarrierCode));

            sysTableLookup.parmQuery(query);

            sysTableLookup.performFormLookup();
        }

]]></Source>
					</Method>
				</Methods>
			</Control>
			<Control>
				<Name>ZKPostShip</Name>
				<Type>MenuFunctionButton</Type>
				<Methods>
					<Method>
						<Name>clicked</Name>
						<Source><![CDATA[
        /// <summary>
        ///
        /// </summary>
        public void clicked()
        {
            core.carrierServiceCode = element.getSelectedService();
            super();
        }

]]></Source>
					</Method>
				</Methods>
			</Control>
		</DataControls>
		<Members xmlns="" />
	</SourceCode>
	<DataSources>
		<AxFormDataSource xmlns="">
			<Name>ZKRates</Name>
			<Table>ZKRates</Table>
			<Fields>
				<AxFormDataSourceField>
					<DataField>CurrencyCode</DataField>
				</AxFormDataSourceField>
				<AxFormDataSourceField>
					<DataField>DataAreaId</DataField>
				</AxFormDataSourceField>
				<AxFormDataSourceField>
					<DataField>Partition</DataField>
				</AxFormDataSourceField>
				<AxFormDataSourceField>
					<DataField>RecId</DataField>
				</AxFormDataSourceField>
				<AxFormDataSourceField>
					<DataField>TableId</DataField>
				</AxFormDataSourceField>
				<AxFormDataSourceField>
					<DataField>ZKCarrierCode</DataField>
				</AxFormDataSourceField>
				<AxFormDataSourceField>
					<DataField>ZKDeliveryDay</DataField>
				</AxFormDataSourceField>
				<AxFormDataSourceField>
					<DataField>ZKName</DataField>
				</AxFormDataSourceField>
				<AxFormDataSourceField>
					<DataField>ZKServiceType</DataField>
				</AxFormDataSourceField>
				<AxFormDataSourceField>
					<DataField>ZKTotalCost</DataField>
				</AxFormDataSourceField>
			</Fields>
			<ReferencedDataSources />
			<LinkType>Passive</LinkType>
			<AllowCreate>No</AllowCreate>
			<AllowDelete>No</AllowDelete>
			<AllowEdit>No</AllowEdit>
			<DataSourceLinks />
			<DerivedDataSources />
		</AxFormDataSource>
	</DataSources>
	<Design>
		<Caption xmlns="">@ZKSM:ZKSM0055</Caption>
		<DialogSize xmlns="">Large</DialogSize>
		<Pattern xmlns="">Dialog</Pattern>
		<PatternVersion xmlns="">1.2</PatternVersion>
		<Style xmlns="">Dialog</Style>
		<Controls xmlns="">
			<AxFormControl xmlns=""
				i:type="AxFormGroupControl">
				<Name>ContentSection</Name>
				<HeightMode>SizeToAvailable</HeightMode>
				<Type>Group</Type>
				<WidthMode>SizeToAvailable</WidthMode>
				<FormControlExtension
					i:nil="true" />
				<Controls>
					<AxFormControl xmlns=""
						i:type="AxFormGroupControl">
						<Name>Overview</Name>
						<HeightMode>Auto</HeightMode>
						<Type>Group</Type>
						<WidthMode>Auto</WidthMode>
						<FormControlExtension
							i:nil="true" />
						<Controls>
							<AxFormControl xmlns=""
								i:type="AxFormGroupControl">
								<Name>ShipmentGroup</Name>
								<HeightMode>Auto</HeightMode>
								<Type>Group</Type>
								<WidthMode>Auto</WidthMode>
								<FormControlExtension
									i:nil="true" />
								<Controls>
									<AxFormControl xmlns=""
										i:type="AxFormStringControl">
										<Name>ShipmentIdControl</Name>
										<AutoDeclaration>Yes</AutoDeclaration>
										<HeightMode>Auto</HeightMode>
										<Type>String</Type>
										<WidthMode>Auto</WidthMode>
										<FormControlExtension
											i:nil="true" />
										<ExtendedDataType>WHSShipmentId</ExtendedDataType>
									</AxFormControl>
									<AxFormControl xmlns=""
										i:type="AxFormStringControl">
										<Name>CarrierCodeControl</Name>
										<AllowEdit>No</AllowEdit>
										<AutoDeclaration>Yes</AutoDeclaration>
										<HeightMode>Auto</HeightMode>
										<Type>String</Type>
										<WidthMode>Auto</WidthMode>
										<FormControlExtension
											i:nil="true" />
										<ExtendedDataType>TMSCarrierCode</ExtendedDataType>
									</AxFormControl>
									<AxFormControl xmlns=""
										i:type="AxFormComboBoxControl">
										<Name>LoadDirectionControl</Name>
										<AllowEdit>No</AllowEdit>
										<AutoDeclaration>Yes</AutoDeclaration>
										<HeightMode>Auto</HeightMode>
										<Type>ComboBox</Type>
										<WidthMode>Auto</WidthMode>
										<FormControlExtension
											i:nil="true" />
										<EnumType>WHSLoadDirection</EnumType>
										<Items />
									</AxFormControl>
								</Controls>
								<ArrangeMethod>HorizontalWrap</ArrangeMethod>
								<ColumnsMode>Fill</ColumnsMode>
								<Caption>@SYS50389</Caption>
							</AxFormControl>
							<AxFormControl xmlns=""
								i:type="AxFormGroupControl">
								<Name>ShippingAccount</Name>
								<HeightMode>Auto</HeightMode>
								<Type>Group</Type>
								<WidthMode>Auto</WidthMode>
								<FormControlExtension
									i:nil="true" />
								<Controls>
									<AxFormControl xmlns=""
										i:type="AxFormStringControl">
										<Name>ShippingAccountControl</Name>
										<AllowEdit>No</AllowEdit>
										<AutoDeclaration>Yes</AutoDeclaration>
										<HeightMode>Auto</HeightMode>
										<Type>String</Type>
										<WidthMode>Auto</WidthMode>
										<FormControlExtension
											i:nil="true" />
										<ExtendedDataType>ZKShippingAccountName</ExtendedDataType>
									</AxFormControl>
									<AxFormControl xmlns=""
										i:type="AxFormStringControl">
										<Name>DimUnitsControl</Name>
										<AllowEdit>No</AllowEdit>
										<AutoDeclaration>Yes</AutoDeclaration>
										<HeightMode>Auto</HeightMode>
										<Type>String</Type>
										<WidthMode>Auto</WidthMode>
										<FormControlExtension
											i:nil="true" />
										<ExtendedDataType>ZKDimUnits</ExtendedDataType>
									</AxFormControl>
									<AxFormControl xmlns=""
										i:type="AxFormStringControl">
										<Name>WeightUnitsControl</Name>
										<AllowEdit>No</AllowEdit>
										<AutoDeclaration>Yes</AutoDeclaration>
										<HeightMode>Auto</HeightMode>
										<Type>String</Type>
										<WidthMode>Auto</WidthMode>
										<FormControlExtension
											i:nil="true" />
										<ExtendedDataType>ZKWeightUnits</ExtendedDataType>
									</AxFormControl>
									<AxFormControl xmlns=""
										i:type="AxFormStringControl">
										<Name>CurrencyControl</Name>
										<AllowEdit>No</AllowEdit>
										<AutoDeclaration>Yes</AutoDeclaration>
										<HeightMode>Auto</HeightMode>
										<Type>String</Type>
										<WidthMode>Auto</WidthMode>
										<FormControlExtension
											i:nil="true" />
										<ExtendedDataType>CurrencyCode</ExtendedDataType>
									</AxFormControl>
								</Controls>
								<ArrangeMethod>HorizontalWrap</ArrangeMethod>
								<ColumnsMode>Fill</ColumnsMode>
								<Caption>@ZKSM:ZKSM0056</Caption>
							</AxFormControl>
							<AxFormControl xmlns=""
								i:type="AxFormGroupControl">
								<Name>DetailsGroup</Name>
								<Type>Group</Type>
								<FormControlExtension
									i:nil="true" />
								<Controls>
									<AxFormControl xmlns=""
										i:type="AxFormStringControl">
										<Name>LabelType</Name>
										<AutoDeclaration>Yes</AutoDeclaration>
										<HeightMode>Auto</HeightMode>
										<Type>String</Type>
										<WidthMode>Auto</WidthMode>
										<FormControlExtension
											i:nil="true" />
										<ExtendedDataType>ZKLabelType</ExtendedDataType>
									</AxFormControl>
									<AxFormControl xmlns=""
										i:type="AxFormStringControl">
										<Name>LabelSize</Name>
										<AutoDeclaration>Yes</AutoDeclaration>
										<HeightMode>Auto</HeightMode>
										<Type>String</Type>
										<WidthMode>Auto</WidthMode>
										<FormControlExtension
											i:nil="true" />
										<ExtendedDataType>ZKLabelSize</ExtendedDataType>
										<Label>Label size</Label>
									</AxFormControl>
								</Controls>
							</AxFormControl>
						</Controls>
						<ColumnsMode>Fill</ColumnsMode>
					</AxFormControl>
					<AxFormControl xmlns=""
						i:type="AxFormGroupControl">
						<Name>ShippingAccountGroup</Name>
						<Type>Group</Type>
						<FormControlExtension
							i:nil="true" />
						<Controls>
							<AxFormControl xmlns=""
								i:type="AxFormGridControl">
								<Name>RateGrid</Name>
								<HeightMode>Auto</HeightMode>
								<Type>Grid</Type>
								<WidthMode>Auto</WidthMode>
								<FormControlExtension
									i:nil="true" />
								<Controls>
									<AxFormControl xmlns=""
										i:type="AxFormStringControl">
										<Name>RateGrid_ZKTotalCost</Name>
										<Type>String</Type>
										<FormControlExtension
											i:nil="true" />
										<DataField>ZKTotalCost</DataField>
										<DataSource>ZKRates</DataSource>
									</AxFormControl>
									<AxFormControl xmlns=""
										i:type="AxFormStringControl">
										<Name>RateGrid_ZKCarrierCode</Name>
										<Type>String</Type>
										<FormControlExtension
											i:nil="true" />
										<DataField>ZKCarrierCode</DataField>
										<DataSource>ZKRates</DataSource>
									</AxFormControl>
									<AxFormControl xmlns=""
										i:type="AxFormStringControl">
										<Name>RateGrid_ZKServiceType</Name>
										<Type>String</Type>
										<FormControlExtension
											i:nil="true" />
										<DataField>ZKServiceType</DataField>
										<DataSource>ZKRates</DataSource>
									</AxFormControl>
									<AxFormControl xmlns=""
										i:type="AxFormStringControl">
										<Name>RateGrid_ZKName</Name>
										<Type>String</Type>
										<FormControlExtension
											i:nil="true" />
										<DataField>ZKName</DataField>
										<DataSource>ZKRates</DataSource>
									</AxFormControl>
									<AxFormControl xmlns=""
										i:type="AxFormStringControl">
										<Name>RateGrid_CurrencyCode</Name>
										<Type>String</Type>
										<FormControlExtension
											i:nil="true" />
										<DataField>CurrencyCode</DataField>
										<DataSource>ZKRates</DataSource>
									</AxFormControl>
									<AxFormControl xmlns=""
										i:type="AxFormStringControl">
										<Name>RateGrid_ZKDeliveryDay</Name>
										<Type>String</Type>
										<FormControlExtension
											i:nil="true" />
										<DataField>ZKDeliveryDay</DataField>
										<DataSource>ZKRates</DataSource>
									</AxFormControl>
								</Controls>
								<DataGroup>Overview</DataGroup>
								<DataSource>ZKRates</DataSource>
								<MultiSelect>No</MultiSelect>
							</AxFormControl>
						</Controls>
					</AxFormControl>
				</Controls>
				<Style>DialogContent</Style>
			</AxFormControl>
			<AxFormControl xmlns=""
				i:type="AxFormButtonGroupControl">
				<Name>CommitContainer</Name>
				<Type>ButtonGroup</Type>
				<WidthMode>SizeToAvailable</WidthMode>
				<FormControlExtension
					i:nil="true" />
				<Controls>
					<AxFormControl xmlns=""
						i:type="AxFormMenuFunctionButtonControl">
						<Name>ZKPostShip</Name>
						<HeightMode>Auto</HeightMode>
						<Type>MenuFunctionButton</Type>
						<WidthMode>Auto</WidthMode>
						<FormControlExtension
							i:nil="true" />
						<DataSource>ZKRates</DataSource>
						<MenuItemName>ZKPostShip</MenuItemName>
						<MenuItemType>Action</MenuItemType>
						<NeedsRecord>Yes</NeedsRecord>
					</AxFormControl>
					<AxFormControl xmlns=""
						i:type="AxFormCommandButtonControl">
						<Name>CancelButton</Name>
						<HeightMode>Auto</HeightMode>
						<Type>CommandButton</Type>
						<WidthMode>Auto</WidthMode>
						<FormControlExtension
							i:nil="true" />
						<Command>Cancel</Command>
						<SaveRecord>No</SaveRecord>
					</AxFormControl>
				</Controls>
				<ArrangeMethod>HorizontalRight</ArrangeMethod>
				<Style>DialogCommitContainer</Style>
			</AxFormControl>
		</Controls>
	</Design>
	<Parts />
</AxForm>