<?xml version="1.0" encoding="utf-8"?>
<AxForm xmlns:i="http://www.w3.org/2001/XMLSchema-instance" xmlns="Microsoft.Dynamics.AX.Metadata.V6">
	<Name>ZKGetRatesDialog</Name>
	<SourceCode>
		<Methods xmlns="">
			<Method>
				<Name>classDeclaration</Name>
				<Source><![CDATA[
using Zenkraft.FO.Services;

[Form]
public class ZKGetRatesDialog extends FormRun
{
    FormRun caller;
    ZKShipmentCore core;

}
]]></Source>
			</Method>
			<Method>
				<Name>init</Name>
				<Source><![CDATA[
    public void init()
    {
        WMSShipment         wmsShipmentTable;
        WHSShipmentTable    whsShipmentTable;
        WHSLoadTable        whsLoadTable;

        ZKShipmentModule    moduleTable;

        super();
        caller = this.args().caller();
        moduleTable = this.args().parmEnum();

        switch (moduleTable)
        {
            case ZKShipmentModule::WMSShipment :
                wmsShipmentTable = caller.dataSource().cursor() as WMSShipment;
                core = new ZKShipmentCore(wmsShipmentTable.shipmentId, moduleTable);
                break;
            case ZKShipmentModule::WHSShipmentTable :
                whsShipmentTable = caller.dataSource().cursor() as WHSShipmentTable;
                core = new ZKShipmentCore(whsShipmentTable.shipmentId, moduleTable);
                break;
            case ZKShipmentModule::WHSLoadTable :
                whsLoadTable= caller.dataSource().cursor() as WHSLoadTable;
                core = new ZKShipmentCore(whsLoadTable.LoadId, moduleTable);
                break;
            default : throw error(strFmt("@SYS19306",funcName()));
        }
                
        this.updateForm();
    }

]]></Source>
			</Method>
			<Method>
				<Name>getShipmentCore</Name>
				<Source><![CDATA[
    public ZKShipmentCore getShipmentCore()
    {
        return core;
    }

]]></Source>
			</Method>
			<Method>
				<Name>getPackages</Name>
				<Source><![CDATA[
    private Package[] getPackages()
    {
        ZKPackagesTmp packages;
        Package package;
        Package[] retPackages;
        int i = 0;

        packages = ZKPackagesTmp_ds.getFirst() as ZKPackagesTmp;
        retPackages = new Package[ZKPackagesTmp_ds.numberOfRowsLoaded()]();

        while(packages)
        {
            package = new Package();
            package.Value = packages.ZKPackageValue;
            package.Length = packages.ZKPackageLength;
            package.Weight = packages.ZKPackageWeight;
            package.Height = packages.ZKPackageHeight;
            package.Width = packages.ZKPackageWidth;

            retPackages.setValue(package, i);
            packages = ZKPackagesTmp_ds.getNext() as ZKPackagesTmp;
            i++;
        }

        return retPackages;
    }

]]></Source>
			</Method>
			<Method>
				<Name>setShippingAccount</Name>
				<Source><![CDATA[
    private void setShippingAccount()
    {
        ZKShippingAccount shippingAccount;

        select firstonly shippingAccount
            where shippingAccount.ZKName == ShippingAccountControl.text();

        if (!shippingAccount.ZKPosted)
            throw error("Shipping account selected not posted.");

        DimUnitsControl.text(shippingAccount.ZKDimUnits);
        WeightUnitsControl.text(shippingAccount.ZKWeightUnits);
        CurrencyControl.text(shippingAccount.ZKCurrencyCode);
    }

]]></Source>
			</Method>
			<Method>
				<Name>updateForm</Name>
				<Source><![CDATA[
    private void updateForm()
    {
        //shipment
        ShipmentIdControl.text(core.shipmentId);
        CarrierCodeControl.text(core.CarrierCode);
        ShippingAccountControl.text(core.shippigAccount);
        PackagingCode.text(core.packagingTypeCode);

        //sender
        SenderNameControl.text(core.senderName);
        SenderAddressControl.text(LogisticsPostalAddress::findRecId(core.senderAddressRecId).Address);

        //recipient
        RecipientNameControl.text(core.recipientName);
        RecipientAddressControl.text(LogisticsPostalAddress::findRecId(core.recipientAddressRecId).Address);
        RecipientPhoneControl.text(core.recipientPhone);
        RecipientEmailControl.text(core.recipientEmail);
    }

]]></Source>
			</Method>
			<Method>
				<Name>validateValue</Name>
				<Source><![CDATA[
    private int validateValue()
    {
        if(
            ShippingAccountControl.text() == "" ||
            ShipDate.valueStr() == "" ||
            RecipientEmailControl.text() == "" ||
            RecipientPhoneControl.text() == ""
            )
            return 0;
        return 1;
    }

]]></Source>
			</Method>
			<Method>
				<Name>closeDialog</Name>
				<Source><![CDATA[
    public void closeDialog()
    {
        this.close();
    }

]]></Source>
			</Method>
		</Methods>
		<DataSources xmlns="" />
		<DataControls xmlns="">
			<Control>
				<Name>ShippingAccountControl</Name>
				<Type>String</Type>
				<Methods>
					<Method>
						<Name>modified</Name>
						<Source><![CDATA[
        public boolean modified()
        {
            boolean ret;
            
            element.setShippingAccount();
            ret = super();
    
            return ret;
        }

]]></Source>
					</Method>
					<Method>
						<Name>lookup</Name>
						<Source><![CDATA[
        public void lookup()
        {
            Query query = new Query();
            QueryBuildDataSource queryBuildDataSource;
            QueryBuildRange queryBuildRange;

            SysTableLookup sysTableLookup = SysTableLookup::newParameters(tableNum(ZKShippingAccount), this);

            sysTableLookup.addLookupField(fieldNum(ZKShippingAccount, ZKName),true);
            sysTableLookup.addLookupField(fieldNum(ZKShippingAccount, ZKAccountNum));
            sysTableLookup.addLookupField(fieldNum(ZKShippingAccount, ZKCountryId));
            sysTableLookup.addLookupField(fieldNum(ZKShippingAccount, ZKCurrencyCode));

            queryBuildDataSource = query.addDataSource(tableNum(ZKShippingAccount));

            queryBuildRange = queryBuildDataSource.addRange(fieldNum(ZKShippingAccount, ZKPosted));
            queryBuildRange.value(queryValue(NoYes::Yes));
            queryBuildRange = queryBuildDataSource.addRange(fieldNum(ZKShippingAccount, ZKCarrierCode));
            queryBuildRange.value(queryValue(core.CarrierCode));

            sysTableLookup.parmQuery(query);

            sysTableLookup.performFormLookup();
        }

]]></Source>
					</Method>
				</Methods>
			</Control>
			<Control>
				<Name>PackagingCode</Name>
				<Type>String</Type>
				<Methods>
					<Method>
						<Name>lookup</Name>
						<Source><![CDATA[
        public void lookup()
        {
            Query query = new Query();
            QueryBuildDataSource queryBuildDataSource;
            QueryBuildRange queryBuildRange;

            SysTableLookup sysTableLookup = SysTableLookup::newParameters(tableNum(ZKCarrierPackagingTypes), this);

            sysTableLookup.addLookupField(fieldNum(ZKCarrierPackagingTypes, ZKPackagingTypeCode),true);
            sysTableLookup.addLookupField(fieldNum(ZKCarrierPackagingTypes, ZKPackagingTypeName));

            queryBuildDataSource = query.addDataSource(tableNum(ZKCarrierPackagingTypes));

            queryBuildRange = queryBuildDataSource.addRange(fieldNum(ZKCarrierPackagingTypes, ZKSupported));
            queryBuildRange.value(queryValue(NoYes::Yes));
            queryBuildRange = queryBuildDataSource.addRange(fieldNum(ZKCarrierPackagingTypes, ZKCarrierCode));
            queryBuildRange.value(queryValue(core.CarrierCode));

            sysTableLookup.parmQuery(query);

            sysTableLookup.performFormLookup();
        }

]]></Source>
					</Method>
				</Methods>
			</Control>
			<Control>
				<Name>ZKGetRatesList</Name>
				<Type>MenuFunctionButton</Type>
				<Methods>
					<Method>
						<Name>clicked</Name>
						<Source><![CDATA[
        public void clicked()
        {
            if(!element.validateValue())
               return;

            core.shippigAccount     = ShippingAccountControl.text();
            core.packagingTypeCode  = PackagingCode.text();
            core.packages           = element.getPackages();
            core.shipDate           = ShipDate.dateValue();
            core.recipientPhone     = RecipientPhoneControl.text();
            core.recipientEmail     = RecipientEmailControl.text();
            super();
        }

]]></Source>
					</Method>
				</Methods>
			</Control>
		</DataControls>
		<Members xmlns="" />
	</SourceCode>
	<DataSources>
		<AxFormDataSource xmlns="">
			<Name>ZKPackagesTmp</Name>
			<Table>ZKPackagesTmp</Table>
			<Fields>
				<AxFormDataSourceField>
					<DataField>DataAreaId</DataField>
				</AxFormDataSourceField>
				<AxFormDataSourceField>
					<DataField>Partition</DataField>
				</AxFormDataSourceField>
				<AxFormDataSourceField>
					<DataField>RecId</DataField>
				</AxFormDataSourceField>
				<AxFormDataSourceField>
					<DataField>TableId</DataField>
				</AxFormDataSourceField>
				<AxFormDataSourceField>
					<DataField>ZKLabel</DataField>
				</AxFormDataSourceField>
				<AxFormDataSourceField>
					<DataField>ZKLabelType</DataField>
				</AxFormDataSourceField>
				<AxFormDataSourceField>
					<DataField>ZKPackageHeight</DataField>
				</AxFormDataSourceField>
				<AxFormDataSourceField>
					<DataField>ZKPackageLength</DataField>
				</AxFormDataSourceField>
				<AxFormDataSourceField>
					<DataField>ZKPackageValue</DataField>
				</AxFormDataSourceField>
				<AxFormDataSourceField>
					<DataField>ZKPackageWeight</DataField>
				</AxFormDataSourceField>
				<AxFormDataSourceField>
					<DataField>ZKPackageWidth</DataField>
				</AxFormDataSourceField>
				<AxFormDataSourceField>
					<DataField>ZKShipmentId</DataField>
				</AxFormDataSourceField>
				<AxFormDataSourceField>
					<DataField>ZKTrackingNumber</DataField>
				</AxFormDataSourceField>
			</Fields>
			<ReferencedDataSources />
			<DataSourceLinks />
			<DerivedDataSources />
		</AxFormDataSource>
	</DataSources>
	<Design>
		<Caption xmlns="">@ZKSM:ZKSM0055</Caption>
		<DialogSize xmlns="">Large</DialogSize>
		<Pattern xmlns="">Dialog</Pattern>
		<PatternVersion xmlns="">1.2</PatternVersion>
		<Style xmlns="">Dialog</Style>
		<Controls xmlns="">
			<AxFormControl xmlns=""
				i:type="AxFormGroupControl">
				<Name>ContentSection</Name>
				<HeightMode>SizeToAvailable</HeightMode>
				<Type>Group</Type>
				<WidthMode>SizeToAvailable</WidthMode>
				<FormControlExtension
					i:nil="true" />
				<Controls>
					<AxFormControl xmlns=""
						i:type="AxFormTabControl">
						<Name>MainTab</Name>
						<HeightMode>Auto</HeightMode>
						<Type>Tab</Type>
						<WidthMode>Auto</WidthMode>
						<FormControlExtension
							i:nil="true" />
						<Controls>
							<AxFormControl xmlns=""
								i:type="AxFormTabPageControl">
								<Name>ShipmentTab</Name>
								<Type>TabPage</Type>
								<FormControlExtension
									i:nil="true" />
								<Controls>
									<AxFormControl xmlns=""
										i:type="AxFormGroupControl">
										<Name>ShipmentGroup</Name>
										<HeightMode>Auto</HeightMode>
										<Type>Group</Type>
										<WidthMode>Auto</WidthMode>
										<FormControlExtension
											i:nil="true" />
										<Controls>
											<AxFormControl xmlns=""
												i:type="AxFormStringControl">
												<Name>ShipmentIdControl</Name>
												<AllowEdit>No</AllowEdit>
												<AutoDeclaration>Yes</AutoDeclaration>
												<HeightMode>Auto</HeightMode>
												<Type>String</Type>
												<WidthMode>Auto</WidthMode>
												<FormControlExtension
													i:nil="true" />
												<ExtendedDataType>WHSShipmentId</ExtendedDataType>
											</AxFormControl>
											<AxFormControl xmlns=""
												i:type="AxFormStringControl">
												<Name>CarrierCodeControl</Name>
												<AllowEdit>No</AllowEdit>
												<AutoDeclaration>Yes</AutoDeclaration>
												<HeightMode>Auto</HeightMode>
												<Type>String</Type>
												<WidthMode>Auto</WidthMode>
												<FormControlExtension
													i:nil="true" />
												<ExtendedDataType>TMSCarrierCode</ExtendedDataType>
											</AxFormControl>
											<AxFormControl xmlns=""
												i:type="AxFormComboBoxControl">
												<Name>LoadDirectionControl</Name>
												<AllowEdit>No</AllowEdit>
												<AutoDeclaration>Yes</AutoDeclaration>
												<HeightMode>Auto</HeightMode>
												<Type>ComboBox</Type>
												<WidthMode>Auto</WidthMode>
												<FormControlExtension
													i:nil="true" />
												<EnumType>WHSLoadDirection</EnumType>
												<Items />
											</AxFormControl>
											<AxFormControl xmlns=""
												i:type="AxFormDateControl">
												<Name>ShipDate</Name>
												<AutoDeclaration>Yes</AutoDeclaration>
												<Type>Date</Type>
												<FormControlExtension
													i:nil="true" />
												<ExtendedDataType>TransDate</ExtendedDataType>
												<Label>@ZKSM:ZKSM0063</Label>
												<Mandatory>Yes</Mandatory>
											</AxFormControl>
										</Controls>
										<ArrangeMethod>HorizontalWrap</ArrangeMethod>
										<ColumnsMode>Fill</ColumnsMode>
										<Caption>@SYS50389</Caption>
									</AxFormControl>
									<AxFormControl xmlns=""
										i:type="AxFormGroupControl">
										<Name>ShippingAccountGroup</Name>
										<HeightMode>Auto</HeightMode>
										<Type>Group</Type>
										<WidthMode>Auto</WidthMode>
										<FormControlExtension
											i:nil="true" />
										<Controls>
											<AxFormControl xmlns=""
												i:type="AxFormStringControl">
												<Name>ShippingAccountControl</Name>
												<AutoDeclaration>Yes</AutoDeclaration>
												<HeightMode>Auto</HeightMode>
												<Type>String</Type>
												<WidthMode>Auto</WidthMode>
												<FormControlExtension
													i:nil="true" />
												<ExtendedDataType>ZKShippingAccountName</ExtendedDataType>
												<Mandatory>Yes</Mandatory>
											</AxFormControl>
											<AxFormControl xmlns=""
												i:type="AxFormStringControl">
												<Name>DimUnitsControl</Name>
												<AllowEdit>No</AllowEdit>
												<AutoDeclaration>Yes</AutoDeclaration>
												<HeightMode>Auto</HeightMode>
												<Type>String</Type>
												<WidthMode>Auto</WidthMode>
												<FormControlExtension
													i:nil="true" />
												<ExtendedDataType>ZKDimUnits</ExtendedDataType>
											</AxFormControl>
											<AxFormControl xmlns=""
												i:type="AxFormStringControl">
												<Name>WeightUnitsControl</Name>
												<AllowEdit>No</AllowEdit>
												<AutoDeclaration>Yes</AutoDeclaration>
												<HeightMode>Auto</HeightMode>
												<Type>String</Type>
												<WidthMode>Auto</WidthMode>
												<FormControlExtension
													i:nil="true" />
												<ExtendedDataType>ZKWeightUnits</ExtendedDataType>
											</AxFormControl>
											<AxFormControl xmlns=""
												i:type="AxFormStringControl">
												<Name>CurrencyControl</Name>
												<AllowEdit>No</AllowEdit>
												<AutoDeclaration>Yes</AutoDeclaration>
												<HeightMode>Auto</HeightMode>
												<Type>String</Type>
												<WidthMode>Auto</WidthMode>
												<FormControlExtension
													i:nil="true" />
												<ExtendedDataType>CurrencyCode</ExtendedDataType>
											</AxFormControl>
										</Controls>
										<ArrangeMethod>HorizontalWrap</ArrangeMethod>
										<ColumnsMode>Fill</ColumnsMode>
										<Caption>@ZKSM:ZKSM0056</Caption>
									</AxFormControl>
								</Controls>
								<ArrangeMethod>HorizontalWrap</ArrangeMethod>
								<ColumnsMode>Fill</ColumnsMode>
								<Caption>@SYS50389</Caption>
							</AxFormControl>
							<AxFormControl xmlns=""
								i:type="AxFormTabPageControl">
								<Name>SenderRecipientTab</Name>
								<Type>TabPage</Type>
								<FormControlExtension
									i:nil="true" />
								<Controls>
									<AxFormControl xmlns=""
										i:type="AxFormGroupControl">
										<Name>SenderGroup</Name>
										<AllowEdit>No</AllowEdit>
										<HeightMode>Auto</HeightMode>
										<Type>Group</Type>
										<WidthMode>Auto</WidthMode>
										<FormControlExtension
											i:nil="true" />
										<Controls>
											<AxFormControl xmlns=""
												i:type="AxFormStringControl">
												<Name>SenderNameControl</Name>
												<AutoDeclaration>Yes</AutoDeclaration>
												<HeightMode>Auto</HeightMode>
												<Type>String</Type>
												<WidthMode>Auto</WidthMode>
												<FormControlExtension
													i:nil="true" />
												<ExtendedDataType>Name</ExtendedDataType>
											</AxFormControl>
											<AxFormControl xmlns=""
												i:type="AxFormStringControl">
												<Name>SenderAddressControl</Name>
												<AllowEdit>No</AllowEdit>
												<AutoDeclaration>Yes</AutoDeclaration>
												<HeightMode>Auto</HeightMode>
												<Type>String</Type>
												<WidthMode>Auto</WidthMode>
												<FormControlExtension
													i:nil="true" />
												<ExtendedDataType>Addressing</ExtendedDataType>
												<Label>Sender address</Label>
											</AxFormControl>
										</Controls>
										<ColumnsMode>Fill</ColumnsMode>
										<Caption>@ZKSM:ZKSM0058</Caption>
										<Style>BorderedGroup</Style>
									</AxFormControl>
									<AxFormControl xmlns=""
										i:type="AxFormGroupControl">
										<Name>RecipientGroup</Name>
										<HeightMode>Auto</HeightMode>
										<Type>Group</Type>
										<WidthMode>Auto</WidthMode>
										<FormControlExtension
											i:nil="true" />
										<Controls>
											<AxFormControl xmlns=""
												i:type="AxFormStringControl">
												<Name>RecipientNameControl</Name>
												<AllowEdit>No</AllowEdit>
												<AutoDeclaration>Yes</AutoDeclaration>
												<HeightMode>Auto</HeightMode>
												<Type>String</Type>
												<WidthMode>Auto</WidthMode>
												<FormControlExtension
													i:nil="true" />
												<ExtendedDataType>Name</ExtendedDataType>
											</AxFormControl>
											<AxFormControl xmlns=""
												i:type="AxFormStringControl">
												<Name>RecipientAddressControl</Name>
												<AllowEdit>No</AllowEdit>
												<AutoDeclaration>Yes</AutoDeclaration>
												<HeightMode>Auto</HeightMode>
												<Type>String</Type>
												<WidthMode>Auto</WidthMode>
												<FormControlExtension
													i:nil="true" />
												<ExtendedDataType>Addressing</ExtendedDataType>
												<Label>@ZKSM:ZKSM0059</Label>
											</AxFormControl>
											<AxFormControl xmlns=""
												i:type="AxFormStringControl">
												<Name>RecipientEmailControl</Name>
												<AutoDeclaration>Yes</AutoDeclaration>
												<Type>String</Type>
												<FormControlExtension
													i:nil="true" />
												<ExtendedDataType>Email</ExtendedDataType>
												<Mandatory>Yes</Mandatory>
											</AxFormControl>
											<AxFormControl xmlns=""
												i:type="AxFormStringControl">
												<Name>RecipientPhoneControl</Name>
												<AutoDeclaration>Yes</AutoDeclaration>
												<Type>String</Type>
												<FormControlExtension
													i:nil="true" />
												<ExtendedDataType>Phone</ExtendedDataType>
												<Mandatory>Yes</Mandatory>
											</AxFormControl>
										</Controls>
										<ColumnsMode>Fill</ColumnsMode>
										<Caption>@ZKSM:ZKSM0059</Caption>
										<Style>BorderedGroup</Style>
									</AxFormControl>
								</Controls>
								<Caption>@SYS80373</Caption>
							</AxFormControl>
							<AxFormControl xmlns=""
								i:type="AxFormTabPageControl">
								<Name>PackagesTab</Name>
								<Type>TabPage</Type>
								<FormControlExtension
									i:nil="true" />
								<Controls>
									<AxFormControl xmlns=""
										i:type="AxFormStringControl">
										<Name>PackagingCode</Name>
										<AutoDeclaration>Yes</AutoDeclaration>
										<HeightMode>Auto</HeightMode>
										<Type>String</Type>
										<WidthMode>Auto</WidthMode>
										<FormControlExtension
											i:nil="true" />
										<ExtendedDataType>ZKPackagingTypeName</ExtendedDataType>
										<Mandatory>Yes</Mandatory>
									</AxFormControl>
									<AxFormControl xmlns=""
										i:type="AxFormGroupControl">
										<Name>PackagesGroup</Name>
										<HeightMode>Auto</HeightMode>
										<Type>Group</Type>
										<WidthMode>Auto</WidthMode>
										<FormControlExtension
											i:nil="true" />
										<Controls>
											<AxFormControl xmlns=""
												i:type="AxFormActionPaneControl">
												<Name>PackagesGridAction</Name>
												<Type>ActionPane</Type>
												<FormControlExtension
													i:nil="true" />
												<Controls>
													<AxFormControl xmlns=""
														i:type="AxFormActionPaneTabControl">
														<Name>FormActionPaneTab</Name>
														<Type>ActionPaneTab</Type>
														<FormControlExtension
															i:nil="true" />
														<Controls>
															<AxFormControl xmlns=""
																i:type="AxFormButtonGroupControl">
																<Name>ButtonGroupControl</Name>
																<Type>ButtonGroup</Type>
																<FormControlExtension
																	i:nil="true" />
																<Controls>
																	<AxFormControl xmlns=""
																		i:type="AxFormCommandButtonControl">
																		<Name>NewCmd</Name>
																		<HeightMode>Auto</HeightMode>
																		<Type>CommandButton</Type>
																		<WidthMode>Auto</WidthMode>
																		<FormControlExtension
																			i:nil="true" />
																		<Command>New</Command>
																	</AxFormControl>
																	<AxFormControl xmlns=""
																		i:type="AxFormCommandButtonControl">
																		<Name>DeleteCmd</Name>
																		<HeightMode>Auto</HeightMode>
																		<Type>CommandButton</Type>
																		<WidthMode>Auto</WidthMode>
																		<FormControlExtension
																			i:nil="true" />
																		<Command>DeleteRecord</Command>
																		<NeedsRecord>Yes</NeedsRecord>
																	</AxFormControl>
																</Controls>
																<DataSource>ZKPackagesTmp</DataSource>
															</AxFormControl>
														</Controls>
														<DataSource>ZKPackagesTmp</DataSource>
													</AxFormControl>
												</Controls>
												<DataSource>ZKPackagesTmp</DataSource>
												<Style>Strip</Style>
											</AxFormControl>
											<AxFormControl xmlns=""
												i:type="AxFormGridControl">
												<Name>PackagesGrid</Name>
												<Type>Grid</Type>
												<FormControlExtension
													i:nil="true" />
												<Controls>
													<AxFormControl xmlns=""
														i:type="AxFormRealControl">
														<Name>PackagesGrid_ZKPackageWeight</Name>
														<Type>Real</Type>
														<FormControlExtension
															i:nil="true" />
														<DataField>ZKPackageWeight</DataField>
														<DataSource>ZKPackagesTmp</DataSource>
													</AxFormControl>
													<AxFormControl xmlns=""
														i:type="AxFormRealControl">
														<Name>PackagesGrid_ZKPackageHeight</Name>
														<Type>Real</Type>
														<FormControlExtension
															i:nil="true" />
														<DataField>ZKPackageHeight</DataField>
														<DataSource>ZKPackagesTmp</DataSource>
													</AxFormControl>
													<AxFormControl xmlns=""
														i:type="AxFormRealControl">
														<Name>PackagesGrid_ZKPackageLength</Name>
														<Type>Real</Type>
														<FormControlExtension
															i:nil="true" />
														<DataField>ZKPackageLength</DataField>
														<DataSource>ZKPackagesTmp</DataSource>
													</AxFormControl>
													<AxFormControl xmlns=""
														i:type="AxFormRealControl">
														<Name>PackagesGrid_ZKPackageWidth</Name>
														<Type>Real</Type>
														<FormControlExtension
															i:nil="true" />
														<DataField>ZKPackageWidth</DataField>
														<DataSource>ZKPackagesTmp</DataSource>
													</AxFormControl>
													<AxFormControl xmlns=""
														i:type="AxFormRealControl">
														<Name>PackagesGrid_ZKPackageValue</Name>
														<Type>Real</Type>
														<FormControlExtension
															i:nil="true" />
														<DataField>ZKPackageValue</DataField>
														<DataSource>ZKPackagesTmp</DataSource>
													</AxFormControl>
												</Controls>
												<DataGroup>ZKRateGroup</DataGroup>
												<DataSource>ZKPackagesTmp</DataSource>
											</AxFormControl>
										</Controls>
										<Caption>@SYS50759</Caption>
									</AxFormControl>
								</Controls>
								<Caption>@SYS420</Caption>
							</AxFormControl>
						</Controls>
					</AxFormControl>
				</Controls>
				<Style>DialogContent</Style>
			</AxFormControl>
			<AxFormControl xmlns=""
				i:type="AxFormButtonGroupControl">
				<Name>CommitContainer</Name>
				<Type>ButtonGroup</Type>
				<WidthMode>SizeToAvailable</WidthMode>
				<FormControlExtension
					i:nil="true" />
				<Controls>
					<AxFormControl xmlns=""
						i:type="AxFormMenuFunctionButtonControl">
						<Name>ZKGetRatesList</Name>
						<HeightMode>Auto</HeightMode>
						<Type>MenuFunctionButton</Type>
						<WidthMode>Auto</WidthMode>
						<FormControlExtension
							i:nil="true" />
						<MenuItemName>ZKGetRatesList</MenuItemName>
					</AxFormControl>
					<AxFormControl xmlns=""
						i:type="AxFormCommandButtonControl">
						<Name>CancelButton</Name>
						<HeightMode>Auto</HeightMode>
						<Type>CommandButton</Type>
						<WidthMode>Auto</WidthMode>
						<FormControlExtension
							i:nil="true" />
						<Command>Cancel</Command>
						<SaveRecord>No</SaveRecord>
					</AxFormControl>
				</Controls>
				<ArrangeMethod>HorizontalRight</ArrangeMethod>
				<Style>DialogCommitContainer</Style>
			</AxFormControl>
		</Controls>
	</Design>
	<Parts />
</AxForm>