<?xml version="1.0" encoding="utf-8"?>
<AxForm xmlns:i="http://www.w3.org/2001/XMLSchema-instance" xmlns="Microsoft.Dynamics.AX.Metadata.V6">
	<Name>ZKLabelTypes</Name>
	<SourceCode>
		<Methods xmlns="">
			<Method>
				<Name>classDeclaration</Name>
				<Source><![CDATA[
[Form]
public class ZKLabelTypes extends FormRun
{

}
]]></Source>
			</Method>
		</Methods>
		<DataSources xmlns="" />
		<DataControls xmlns="" />
		<Members xmlns="" />
	</SourceCode>
	<DataSources>
		<AxFormDataSource xmlns="">
			<Name>ZKLabelTypes</Name>
			<Table>ZKLabelTypes</Table>
			<Fields>
				<AxFormDataSourceField>
					<DataField>DataAreaId</DataField>
				</AxFormDataSourceField>
				<AxFormDataSourceField>
					<DataField>LabelType</DataField>
				</AxFormDataSourceField>
				<AxFormDataSourceField>
					<DataField>Partition</DataField>
				</AxFormDataSourceField>
				<AxFormDataSourceField>
					<DataField>RecId</DataField>
				</AxFormDataSourceField>
				<AxFormDataSourceField>
					<DataField>TableId</DataField>
				</AxFormDataSourceField>
			</Fields>
			<ReferencedDataSources />
			<DataSourceLinks />
			<DerivedDataSources />
		</AxFormDataSource>
		<AxFormDataSource xmlns="">
			<Name>ZKLabelTypeSizes</Name>
			<Table>ZKLabelTypeSizes</Table>
			<Fields>
				<AxFormDataSourceField>
					<DataField>DataAreaId</DataField>
				</AxFormDataSourceField>
				<AxFormDataSourceField>
					<DataField>LabelSize</DataField>
				</AxFormDataSourceField>
				<AxFormDataSourceField>
					<DataField>LabelType</DataField>
				</AxFormDataSourceField>
				<AxFormDataSourceField>
					<DataField>Partition</DataField>
				</AxFormDataSourceField>
				<AxFormDataSourceField>
					<DataField>RecId</DataField>
				</AxFormDataSourceField>
				<AxFormDataSourceField>
					<DataField>TableId</DataField>
				</AxFormDataSourceField>
			</Fields>
			<ReferencedDataSources />
			<JoinSource>ZKLabelTypes</JoinSource>
			<DataSourceLinks />
			<DerivedDataSources />
		</AxFormDataSource>
	</DataSources>
	<Design>
		<Caption xmlns="">@ZKSM:ZKSM0028</Caption>
		<Pattern xmlns="">SimpleListDetails</Pattern>
		<PatternVersion xmlns="">1.3</PatternVersion>
		<Style xmlns="">SimpleListDetails</Style>
		<Controls xmlns="">
			<AxFormControl xmlns=""
				i:type="AxFormActionPaneControl">
				<Name>ApplicationBar</Name>
				<Type>ActionPane</Type>
				<FormControlExtension
					i:nil="true" />
				<Controls />
				<DataSource>ZKLabelTypes</DataSource>
			</AxFormControl>
			<AxFormControl xmlns=""
				i:type="AxFormGroupControl">
				<Name>NavigationList</Name>
				<HeightMode>SizeToAvailable</HeightMode>
				<Type>Group</Type>
				<FormControlExtension
					i:nil="true" />
				<Controls>
					<AxFormControl>
						<Name>QuickFilter</Name>
						<WidthMode>SizeToAvailable</WidthMode>
						<FormControlExtension>
							<Name>QuickFilterControl</Name>
							<ExtensionComponents />
							<ExtensionProperties>
								<AxFormControlExtensionProperty>
									<Name>targetControlName</Name>
									<Type>String</Type>
									<Value>Grid</Value>
								</AxFormControlExtensionProperty>
								<AxFormControlExtensionProperty>
									<Name>defaultColumnName</Name>
									<Type>String</Type>
									<Value>ZKLabelTypes_LabelId</Value>
								</AxFormControlExtensionProperty>
								<AxFormControlExtensionProperty>
									<Name>placeholderText</Name>
									<Type>String</Type>
								</AxFormControlExtensionProperty>
							</ExtensionProperties>
						</FormControlExtension>
					</AxFormControl>
					<AxFormControl xmlns=""
						i:type="AxFormGridControl">
						<Name>ListGrid</Name>
						<AllowEdit>No</AllowEdit>
						<Type>Grid</Type>
						<WidthMode>SizeToContent</WidthMode>
						<FormControlExtension
							i:nil="true" />
						<Controls>
							<AxFormControl xmlns=""
								i:type="AxFormStringControl">
								<Name>ZKLabelTypes_LabelType</Name>
								<Type>String</Type>
								<FormControlExtension
									i:nil="true" />
								<DataField>ZKLabelType</DataField>
								<DataSource>ZKLabelTypes</DataSource>
							</AxFormControl>
						</Controls>
						<DataSource>ZKLabelTypes</DataSource>
						<MultiSelect>No</MultiSelect>
						<ShowRowLabels>No</ShowRowLabels>
						<Style>List</Style>
					</AxFormControl>
				</Controls>
				<DataSource>ZKLabelTypes</DataSource>
				<FrameType>None</FrameType>
				<Style>SidePanel</Style>
				<ViewEditMode>Edit</ViewEditMode>
			</AxFormControl>
			<AxFormControl xmlns=""
				i:type="AxFormGroupControl">
				<Name>DetailsHeader</Name>
				<Type>Group</Type>
				<WidthMode>SizeToAvailable</WidthMode>
				<FormControlExtension
					i:nil="true" />
				<Controls>
					<AxFormControl xmlns=""
						i:type="AxFormStringControl">
						<Name>ZKLabelTypes_LabelType1</Name>
						<Type>String</Type>
						<FormControlExtension
							i:nil="true" />
						<DataField>ZKLabelType</DataField>
						<DataSource>ZKLabelTypes</DataSource>
					</AxFormControl>
				</Controls>
				<FrameType>None</FrameType>
			</AxFormControl>
			<AxFormControl xmlns=""
				i:type="AxFormTabControl">
				<Name>DetailsTab</Name>
				<Type>Tab</Type>
				<FormControlExtension
					i:nil="true" />
				<Controls>
					<AxFormControl xmlns=""
						i:type="AxFormTabPageControl">
						<Name>DetailsPanel</Name>
						<Pattern>ToolbarList</Pattern>
						<PatternVersion>1.2</PatternVersion>
						<Type>TabPage</Type>
						<FormControlExtension
							i:nil="true" />
						<Controls>
							<AxFormControl xmlns=""
								i:type="AxFormActionPaneControl">
								<Name>SizeGridActionPane</Name>
								<Type>ActionPane</Type>
								<FormControlExtension
									i:nil="true" />
								<Controls>
									<AxFormControl xmlns=""
										i:type="AxFormButtonGroupControl">
										<Name>ZKLabelSizesRecordBasics</Name>
										<HeightMode>Auto</HeightMode>
										<Type>ButtonGroup</Type>
										<WidthMode>Auto</WidthMode>
										<FormControlExtension
											i:nil="true" />
										<Controls>
											<AxFormControl xmlns=""
												i:type="AxFormCommandButtonControl">
												<Name>ZKLabelSizeNewButton</Name>
												<HeightMode>Auto</HeightMode>
												<Type>CommandButton</Type>
												<WidthMode>Auto</WidthMode>
												<FormControlExtension
													i:nil="true" />
												<ButtonDisplay>TextWithImageLeft</ButtonDisplay>
												<Command>New</Command>
												<NormalImage>New</NormalImage>
											</AxFormControl>
											<AxFormControl xmlns=""
												i:type="AxFormCommandButtonControl">
												<Name>ZKLabelSizeDeleteButton</Name>
												<HeightMode>Auto</HeightMode>
												<Type>CommandButton</Type>
												<WidthMode>Auto</WidthMode>
												<FormControlExtension
													i:nil="true" />
												<ButtonDisplay>TextWithImageLeft</ButtonDisplay>
												<Command>DeleteRecord</Command>
												<NormalImage>Delete</NormalImage>
												<SaveRecord>No</SaveRecord>
											</AxFormControl>
										</Controls>
										<DataSource>ZKLabelTypeSizes</DataSource>
									</AxFormControl>
								</Controls>
								<DataSource>ZKLabelTypeSizes</DataSource>
								<Style>Strip</Style>
							</AxFormControl>
							<AxFormControl xmlns=""
								i:type="AxFormGridControl">
								<Name>SizesGrid</Name>
								<Type>Grid</Type>
								<FormControlExtension
									i:nil="true" />
								<Controls>
									<AxFormControl xmlns=""
										i:type="AxFormStringControl">
										<Name>ZKLabelTypeSizes_LabelSize</Name>
										<Type>String</Type>
										<FormControlExtension
											i:nil="true" />
										<DataField>ZKLabelSize</DataField>
										<DataSource>ZKLabelTypeSizes</DataSource>
									</AxFormControl>
								</Controls>
							</AxFormControl>
						</Controls>
					</AxFormControl>
				</Controls>
				<Style>FastTabs</Style>
			</AxFormControl>
		</Controls>
	</Design>
	<Parts />
</AxForm>