<?xml version="1.0" encoding="utf-8"?>
<AxForm xmlns:i="http://www.w3.org/2001/XMLSchema-instance" xmlns="Microsoft.Dynamics.AX.Metadata.V6">
	<Name>ZKLegalEntityAddressLookup</Name>
	<SourceCode>
		<Methods xmlns="">
			<Method>
				<Name>classDeclaration</Name>
				<Source><![CDATA[
[Form]
public class ZKLegalEntityAddressLookup extends FormRun
{

}
]]></Source>
			</Method>
		</Methods>
		<DataSources xmlns="">
			<DataSource>
				<Name>DirPartyLocation</Name>
				<Methods>
					<Method>
						<Name>executeQuery</Name>
						<Source><![CDATA[
        /// <summary>
        ///
        /// </summary>
        public void executeQuery()
        {
            DirPartyLocation_DS.query()
                .dataSourceTable(tableNum(DirPartyLocation))
                .addRange(fieldNum(DirPartyLocation,Party))
                .value(queryValue(CompanyInfo::find().RecId));
            super();
        }

]]></Source>
					</Method>
				</Methods>
				<Fields />
			</DataSource>
		</DataSources>
		<DataControls xmlns="" />
		<Members xmlns="" />
	</SourceCode>
	<DataSources>
		<AxFormDataSource xmlns="">
			<Name>LogisticsPostalAddress</Name>
			<Table>LogisticsPostalAddress</Table>
			<Fields>
				<AxFormDataSourceField>
					<DataField>Address</DataField>
				</AxFormDataSourceField>
				<AxFormDataSourceField>
					<DataField>Apartment_RU</DataField>
				</AxFormDataSourceField>
				<AxFormDataSourceField>
					<DataField>Building_RU</DataField>
				</AxFormDataSourceField>
				<AxFormDataSourceField>
					<DataField>BuildingCompliment</DataField>
				</AxFormDataSourceField>
				<AxFormDataSourceField>
					<DataField>City</DataField>
				</AxFormDataSourceField>
				<AxFormDataSourceField>
					<DataField>CityKana_JP</DataField>
				</AxFormDataSourceField>
				<AxFormDataSourceField>
					<DataField>CityRecId</DataField>
				</AxFormDataSourceField>
				<AxFormDataSourceField>
					<DataField>CountryRegionId</DataField>
				</AxFormDataSourceField>
				<AxFormDataSourceField>
					<DataField>County</DataField>
				</AxFormDataSourceField>
				<AxFormDataSourceField>
					<DataField>DEL_AddressWithoutCountryRecId</DataField>
				</AxFormDataSourceField>
				<AxFormDataSourceField>
					<DataField>District</DataField>
				</AxFormDataSourceField>
				<AxFormDataSourceField>
					<DataField>DistrictName</DataField>
				</AxFormDataSourceField>
				<AxFormDataSourceField>
					<DataField>FlatId_RU</DataField>
				</AxFormDataSourceField>
				<AxFormDataSourceField>
					<DataField>HouseId_RU</DataField>
				</AxFormDataSourceField>
				<AxFormDataSourceField>
					<DataField>IsPrivate</DataField>
				</AxFormDataSourceField>
				<AxFormDataSourceField>
					<DataField>Latitude</DataField>
				</AxFormDataSourceField>
				<AxFormDataSourceField>
					<DataField>Location</DataField>
				</AxFormDataSourceField>
				<AxFormDataSourceField>
					<DataField>Longitude</DataField>
				</AxFormDataSourceField>
				<AxFormDataSourceField>
					<DataField>ModifiedBy</DataField>
				</AxFormDataSourceField>
				<AxFormDataSourceField>
					<DataField>ModifiedDateTime</DataField>
				</AxFormDataSourceField>
				<AxFormDataSourceField>
					<DataField>Partition</DataField>
				</AxFormDataSourceField>
				<AxFormDataSourceField>
					<DataField>PostBox</DataField>
				</AxFormDataSourceField>
				<AxFormDataSourceField>
					<DataField>PrivateForParty</DataField>
				</AxFormDataSourceField>
				<AxFormDataSourceField>
					<DataField>RecId</DataField>
				</AxFormDataSourceField>
				<AxFormDataSourceField>
					<DataField>State</DataField>
				</AxFormDataSourceField>
				<AxFormDataSourceField>
					<DataField>SteadId_RU</DataField>
				</AxFormDataSourceField>
				<AxFormDataSourceField>
					<DataField>Street</DataField>
				</AxFormDataSourceField>
				<AxFormDataSourceField>
					<DataField>StreetId_RU</DataField>
				</AxFormDataSourceField>
				<AxFormDataSourceField>
					<DataField>StreetKana_JP</DataField>
				</AxFormDataSourceField>
				<AxFormDataSourceField>
					<DataField>StreetNumber</DataField>
				</AxFormDataSourceField>
				<AxFormDataSourceField>
					<DataField>TableId</DataField>
				</AxFormDataSourceField>
				<AxFormDataSourceField>
					<DataField>TimeZone</DataField>
				</AxFormDataSourceField>
				<AxFormDataSourceField>
					<DataField>ValidFrom</DataField>
				</AxFormDataSourceField>
				<AxFormDataSourceField>
					<DataField>ValidTo</DataField>
				</AxFormDataSourceField>
				<AxFormDataSourceField>
					<DataField>ZipCode</DataField>
				</AxFormDataSourceField>
				<AxFormDataSourceField>
					<DataField>ZipCodeRecId</DataField>
				</AxFormDataSourceField>
			</Fields>
			<ReferencedDataSources />
			<DataSourceLinks />
			<DerivedDataSources />
		</AxFormDataSource>
		<AxFormDataSource xmlns="">
			<Name>LogisticsLocation</Name>
			<Table>LogisticsLocation</Table>
			<Fields>
				<AxFormDataSourceField>
					<DataField>CreatedDateTime</DataField>
				</AxFormDataSourceField>
				<AxFormDataSourceField>
					<DataField>Description</DataField>
				</AxFormDataSourceField>
				<AxFormDataSourceField>
					<DataField>DunsNumberRecId</DataField>
				</AxFormDataSourceField>
				<AxFormDataSourceField>
					<DataField>IsPostalAddress</DataField>
				</AxFormDataSourceField>
				<AxFormDataSourceField>
					<DataField>LocationId</DataField>
				</AxFormDataSourceField>
				<AxFormDataSourceField>
					<DataField>ModifiedBy</DataField>
				</AxFormDataSourceField>
				<AxFormDataSourceField>
					<DataField>ModifiedDateTime</DataField>
				</AxFormDataSourceField>
				<AxFormDataSourceField>
					<DataField>ParentLocation</DataField>
				</AxFormDataSourceField>
				<AxFormDataSourceField>
					<DataField>Partition</DataField>
				</AxFormDataSourceField>
				<AxFormDataSourceField>
					<DataField>RecId</DataField>
				</AxFormDataSourceField>
				<AxFormDataSourceField>
					<DataField>TableId</DataField>
				</AxFormDataSourceField>
			</Fields>
			<ReferencedDataSources />
			<JoinSource>LogisticsPostalAddress</JoinSource>
			<Index>SurrogateKey</Index>
			<DataSourceLinks />
			<DerivedDataSources />
		</AxFormDataSource>
		<AxFormDataSource xmlns="">
			<Name>DirPartyLocation</Name>
			<Table>DirPartyLocation</Table>
			<Fields>
				<AxFormDataSourceField>
					<DataField>AttentionToAddressLine</DataField>
				</AxFormDataSourceField>
				<AxFormDataSourceField>
					<DataField>DEL_Shadow_DataAreaId</DataField>
				</AxFormDataSourceField>
				<AxFormDataSourceField>
					<DataField>DEL_ValidFrom</DataField>
				</AxFormDataSourceField>
				<AxFormDataSourceField>
					<DataField>DEL_ValidTo</DataField>
				</AxFormDataSourceField>
				<AxFormDataSourceField>
					<DataField>IsLocationOwner</DataField>
				</AxFormDataSourceField>
				<AxFormDataSourceField>
					<DataField>IsPostalAddress</DataField>
				</AxFormDataSourceField>
				<AxFormDataSourceField>
					<DataField>IsPrimary</DataField>
				</AxFormDataSourceField>
				<AxFormDataSourceField>
					<DataField>IsPrimaryTaxRegistration</DataField>
				</AxFormDataSourceField>
				<AxFormDataSourceField>
					<DataField>IsPrivate</DataField>
				</AxFormDataSourceField>
				<AxFormDataSourceField>
					<DataField>IsRoleBusiness</DataField>
				</AxFormDataSourceField>
				<AxFormDataSourceField>
					<DataField>IsRoleDelivery</DataField>
				</AxFormDataSourceField>
				<AxFormDataSourceField>
					<DataField>IsRoleHome</DataField>
				</AxFormDataSourceField>
				<AxFormDataSourceField>
					<DataField>IsRoleInvoice</DataField>
				</AxFormDataSourceField>
				<AxFormDataSourceField>
					<DataField>Location</DataField>
				</AxFormDataSourceField>
				<AxFormDataSourceField>
					<DataField>ModifiedBy</DataField>
				</AxFormDataSourceField>
				<AxFormDataSourceField>
					<DataField>Partition</DataField>
				</AxFormDataSourceField>
				<AxFormDataSourceField>
					<DataField>Party</DataField>
				</AxFormDataSourceField>
				<AxFormDataSourceField>
					<DataField>RecId</DataField>
				</AxFormDataSourceField>
				<AxFormDataSourceField>
					<DataField>TableId</DataField>
				</AxFormDataSourceField>
			</Fields>
			<ReferencedDataSources />
			<JoinSource>LogisticsLocation</JoinSource>
			<DataSourceLinks />
			<DerivedDataSources />
		</AxFormDataSource>
	</DataSources>
	<Design>
		<Caption xmlns="">Address</Caption>
		<HeightMode xmlns="">SizeToContent</HeightMode>
		<Pattern xmlns="">LookupGridOnly</Pattern>
		<PatternVersion xmlns="">1.1</PatternVersion>
		<Style xmlns="">Lookup</Style>
		<WidthMode xmlns="">SizeToAvailable</WidthMode>
		<WindowType xmlns="">Popup</WindowType>
		<Controls xmlns="">
			<AxFormControl xmlns=""
				i:type="AxFormGridControl">
				<Name>Grid</Name>
				<AllowEdit>No</AllowEdit>
				<HeightMode>SizeToContent</HeightMode>
				<Type>Grid</Type>
				<FormControlExtension
					i:nil="true" />
				<Controls>
					<AxFormControl xmlns=""
						i:type="AxFormStringControl">
						<Name>LogisticsLocation_Description</Name>
						<Type>String</Type>
						<FormControlExtension
							i:nil="true" />
						<DataField>Description</DataField>
						<DataSource>LogisticsLocation</DataSource>
					</AxFormControl>
					<AxFormControl xmlns=""
						i:type="AxFormStringControl">
						<Name>LogisticsPostalAddress_Address</Name>
						<Type>String</Type>
						<FormControlExtension
							i:nil="true" />
						<DataField>Address</DataField>
						<DataSource>LogisticsPostalAddress</DataSource>
					</AxFormControl>
					<AxFormControl xmlns=""
						i:type="AxFormStringControl">
						<Name>FormStringControl1</Name>
						<Type>String</Type>
						<FormControlExtension
							i:nil="true" />
						<DataMethod>locationRoleNames</DataMethod>
						<DataSource>DirPartyLocation</DataSource>
					</AxFormControl>
					<AxFormControl xmlns=""
						i:type="AxFormCheckBoxControl">
						<Name>DirPartyLocation_IsPrimary</Name>
						<Type>CheckBox</Type>
						<FormControlExtension
							i:nil="true" />
						<DataField>IsPrimary</DataField>
						<DataSource>DirPartyLocation</DataSource>
					</AxFormControl>
				</Controls>
				<DataSource>LogisticsPostalAddress</DataSource>
				<MultiSelect>No</MultiSelect>
				<ShowRowLabels>No</ShowRowLabels>
				<Style>Tabular</Style>
			</AxFormControl>
		</Controls>
	</Design>
	<Parts />
</AxForm>