<?xml version="1.0" encoding="utf-8"?>
<AxForm xmlns:i="http://www.w3.org/2001/XMLSchema-instance" xmlns="Microsoft.Dynamics.AX.Metadata.V6">
	<Name>ZKSetup</Name>
	<SourceCode>
		<Methods xmlns="">
			<Method>
				<Name>classDeclaration</Name>
				<Source><![CDATA[
[Form]
public class ZKSetup extends FormRun
{
}
]]></Source>
			</Method>
			<Method>
				<Name>init</Name>
				<Source><![CDATA[
    /// <summary>
    ///
    /// </summary>
    public void init()
    {
        ZKParameters::initParameters();
        super();
    }

]]></Source>
			</Method>
			<Method>
				<Name>RefreshShippingAccounts</Name>
				<Source><![CDATA[
    /// <summary>
    ///
    /// </summary>
    public void RefreshShippingAccounts()
    {
        ZKShippingAccount_ds.research();
    }

]]></Source>
			</Method>
		</Methods>
		<DataSources xmlns="">
			<DataSource>
				<Name>ZKParameters</Name>
				<Methods>
					<Method>
						<Name>active</Name>
						<Source><![CDATA[
        /// <summary>
        ///
        /// </summary>
        /// <returns></returns>
        public int active()
        {
            int ret;
    
            ret = super();
    
            ZKPostAccount.enabled(ZKParameters_ds.object(fieldNum(ZKParameters, ZKCreated)).getValue() == NoYes::No);
            AccountOverview.allowEdit(ZKParameters_ds.object(fieldNum(ZKParameters, ZKCreated)).getValue() == NoYes::No);

            return ret;
        }

]]></Source>
					</Method>
				</Methods>
				<Fields />
			</DataSource>
		</DataSources>
		<DataControls xmlns="">
			<Control>
				<Name>ShippingAccountGrid_EditIsDefault</Name>
				<Type>ComboBox</Type>
				<Methods>
					<Method>
						<Name>modified</Name>
						<Source><![CDATA[
        /// <summary>
        ///
        /// </summary>
        /// <returns></returns>
        public boolean modified()
        {
            boolean ret;
    
            ret = super();

            ZKShippingAccount_ds.refresh();
            ZKShippingAccount_ds.research();
    
            return ret;
        }

]]></Source>
					</Method>
				</Methods>
			</Control>
		</DataControls>
		<Members xmlns="" />
	</SourceCode>
	<DataSources>
		<AxFormDataSource xmlns="">
			<Name>ZKParameters</Name>
			<Table>ZKParameters</Table>
			<Fields>
				<AxFormDataSourceField>
					<DataField>DataAreaId</DataField>
				</AxFormDataSourceField>
				<AxFormDataSourceField>
					<DataField>DefaultCompany</DataField>
				</AxFormDataSourceField>
				<AxFormDataSourceField>
					<DataField>DefaultMethodCode</DataField>
				</AxFormDataSourceField>
				<AxFormDataSourceField>
					<DataField>Partition</DataField>
				</AxFormDataSourceField>
				<AxFormDataSourceField>
					<DataField>RecId</DataField>
				</AxFormDataSourceField>
				<AxFormDataSourceField>
					<DataField>TableId</DataField>
				</AxFormDataSourceField>
				<AxFormDataSourceField>
					<DataField>ZKAccountAPIKey</DataField>
				</AxFormDataSourceField>
				<AxFormDataSourceField>
					<DataField>ZKAccountId</DataField>
				</AxFormDataSourceField>
				<AxFormDataSourceField>
					<DataField>ZKCompany</DataField>
				</AxFormDataSourceField>
				<AxFormDataSourceField>
					<DataField>ZKCreated</DataField>
				</AxFormDataSourceField>
				<AxFormDataSourceField>
					<DataField>ZKEmail</DataField>
				</AxFormDataSourceField>
				<AxFormDataSourceField>
					<DataField>ZKIsTest</DataField>
				</AxFormDataSourceField>
				<AxFormDataSourceField>
					<DataField>ZKMarkupCode</DataField>
				</AxFormDataSourceField>
				<AxFormDataSourceField>
					<DataField>ZKMarkupModule</DataField>
				</AxFormDataSourceField>
				<AxFormDataSourceField>
					<DataField>ZKSenderEmail</DataField>
				</AxFormDataSourceField>
				<AxFormDataSourceField>
					<DataField>ZKSenderPhone</DataField>
				</AxFormDataSourceField>
			</Fields>
			<ReferencedDataSources />
			<DataSourceLinks />
			<DerivedDataSources />
		</AxFormDataSource>
		<AxFormDataSource xmlns="">
			<Name>ZKShippingAccount</Name>
			<Table>ZKShippingAccount</Table>
			<Fields>
				<AxFormDataSourceField>
					<DataField>DataAreaId</DataField>
				</AxFormDataSourceField>
				<AxFormDataSourceField>
					<DataField>Partition</DataField>
				</AxFormDataSourceField>
				<AxFormDataSourceField>
					<DataField>RecId</DataField>
				</AxFormDataSourceField>
				<AxFormDataSourceField>
					<DataField>TableId</DataField>
				</AxFormDataSourceField>
				<AxFormDataSourceField>
					<DataField>ZKAccountNum</DataField>
				</AxFormDataSourceField>
				<AxFormDataSourceField>
					<DataField>ZKCarrierCode</DataField>
				</AxFormDataSourceField>
				<AxFormDataSourceField>
					<DataField>ZKCountryId</DataField>
				</AxFormDataSourceField>
				<AxFormDataSourceField>
					<DataField>ZKCreationMsg</DataField>
				</AxFormDataSourceField>
				<AxFormDataSourceField>
					<DataField>ZKCurrencyCode</DataField>
				</AxFormDataSourceField>
				<AxFormDataSourceField>
					<DataField>ZKDimUnits</DataField>
				</AxFormDataSourceField>
				<AxFormDataSourceField>
					<DataField>ZKIsDefault</DataField>
				</AxFormDataSourceField>
				<AxFormDataSourceField>
					<DataField>ZKName</DataField>
				</AxFormDataSourceField>
				<AxFormDataSourceField>
					<DataField>ZKPosted</DataField>
				</AxFormDataSourceField>
				<AxFormDataSourceField>
					<DataField>ZKShippingAccountId</DataField>
				</AxFormDataSourceField>
				<AxFormDataSourceField>
					<DataField>ZKWeightUnits</DataField>
				</AxFormDataSourceField>
			</Fields>
			<ReferencedDataSources />
			<DataSourceLinks />
			<DerivedDataSources />
		</AxFormDataSource>
	</DataSources>
	<Design>
		<Caption xmlns="">@ZKSM:ZKSM0002</Caption>
		<Pattern xmlns="">TableOfContents</Pattern>
		<PatternVersion xmlns="">1.1</PatternVersion>
		<Style xmlns="">TableOfContents</Style>
		<Controls xmlns="">
			<AxFormControl xmlns=""
				i:type="AxFormTabControl">
				<Name>ZKSetup</Name>
				<Type>Tab</Type>
				<FormControlExtension
					i:nil="true" />
				<Controls>
					<AxFormControl xmlns=""
						i:type="AxFormTabPageControl">
						<Name>DefaultValue</Name>
						<Type>TabPage</Type>
						<FormControlExtension
							i:nil="true" />
						<Controls>
							<AxFormControl xmlns=""
								i:type="AxFormGroupControl">
								<Name>DefaultValueTitle</Name>
								<Skip>Yes</Skip>
								<Type>Group</Type>
								<WidthMode>SizeToAvailable</WidthMode>
								<FormControlExtension
									i:nil="true" />
								<Controls>
									<AxFormControl xmlns=""
										i:type="AxFormStaticTextControl">
										<Name>DefaultValueMainInstruction</Name>
										<Skip>Yes</Skip>
										<Type>StaticText</Type>
										<WidthMode>SizeToAvailable</WidthMode>
										<FormControlExtension
											i:nil="true" />
										<Style>MainInstruction</Style>
										<Text>@ZKSM:ZKSM0010</Text>
									</AxFormControl>
								</Controls>
								<AllowUserSetup>No</AllowUserSetup>
								<FrameType>None</FrameType>
								<Style>TOCTitleContainer</Style>
							</AxFormControl>
							<AxFormControl xmlns=""
								i:type="AxFormGroupControl">
								<Name>DefaultValueBody</Name>
								<HeightMode>SizeToAvailable</HeightMode>
								<Pattern>Custom</Pattern>
								<Type>Group</Type>
								<WidthMode>SizeToAvailable</WidthMode>
								<FormControlExtension
									i:nil="true" />
								<Controls>
									<AxFormControl xmlns=""
										i:type="AxFormGroupControl">
										<Name>APISetupGroup</Name>
										<Type>Group</Type>
										<FormControlExtension
											i:nil="true" />
										<Controls>
											<AxFormControl xmlns=""
												i:type="AxFormCheckBoxControl">
												<Name>ZKParameters_ZKIsTest</Name>
												<Type>CheckBox</Type>
												<FormControlExtension
													i:nil="true" />
												<DataField>ZKIsTest</DataField>
												<DataSource>ZKParameters</DataSource>
											</AxFormControl>
										</Controls>
										<Caption>@ZKSM:ZKSM0004</Caption>
									</AxFormControl>
									<AxFormControl xmlns=""
										i:type="AxFormGroupControl">
										<Name>DefaultAccountValue</Name>
										<Type>Group</Type>
										<FormControlExtension
											i:nil="true" />
										<Controls>
											<AxFormControl xmlns=""
												i:type="AxFormStringControl">
												<Name>DefaultAccountValue_DefaultCompany</Name>
												<Type>String</Type>
												<FormControlExtension
													i:nil="true" />
												<DataField>DefaultCompany</DataField>
												<DataSource>ZKParameters</DataSource>
											</AxFormControl>
										</Controls>
										<Caption>Default account value</Caption>
										<DataGroup>DefaultAccountValue</DataGroup>
										<DataSource>ZKParameters</DataSource>
									</AxFormControl>
									<AxFormControl xmlns=""
										i:type="AxFormGroupControl">
										<Name>DefaultCarrierParameters</Name>
										<Type>Group</Type>
										<FormControlExtension
											i:nil="true" />
										<Controls>
											<AxFormControl xmlns=""
												i:type="AxFormStringControl">
												<Name>DefaultCarrierParameters_DefaultMethodCode</Name>
												<Type>String</Type>
												<FormControlExtension
													i:nil="true" />
												<DataField>DefaultMethodCode</DataField>
												<DataSource>ZKParameters</DataSource>
											</AxFormControl>
										</Controls>
										<Caption>Default carrier parameters</Caption>
										<DataGroup>DefaultCarrierParameters</DataGroup>
										<DataSource>ZKParameters</DataSource>
									</AxFormControl>
								</Controls>
								<DataSource>ZKParameters</DataSource>
								<FrameType>None</FrameType>
							</AxFormControl>
						</Controls>
						<Caption>@ZKSM:ZKSM0010</Caption>
					</AxFormControl>
					<AxFormControl xmlns=""
						i:type="AxFormTabPageControl">
						<Name>AccountSetup</Name>
						<Type>TabPage</Type>
						<FormControlExtension
							i:nil="true" />
						<Controls>
							<AxFormControl xmlns=""
								i:type="AxFormGroupControl">
								<Name>AccountSetupTitle</Name>
								<Skip>Yes</Skip>
								<Type>Group</Type>
								<WidthMode>SizeToAvailable</WidthMode>
								<FormControlExtension
									i:nil="true" />
								<Controls>
									<AxFormControl xmlns=""
										i:type="AxFormStaticTextControl">
										<Name>AccountSetupMainInstruction</Name>
										<Skip>Yes</Skip>
										<Type>StaticText</Type>
										<WidthMode>SizeToAvailable</WidthMode>
										<FormControlExtension
											i:nil="true" />
										<Style>MainInstruction</Style>
										<Text>@ZKSM:ZKSM0006</Text>
									</AxFormControl>
								</Controls>
								<AllowUserSetup>No</AllowUserSetup>
								<FrameType>None</FrameType>
								<Style>TOCTitleContainer</Style>
							</AxFormControl>
							<AxFormControl xmlns=""
								i:type="AxFormGroupControl">
								<Name>AccountSetupBody</Name>
								<HeightMode>SizeToAvailable</HeightMode>
								<Pattern>ToolbarFields</Pattern>
								<PatternVersion>1.1</PatternVersion>
								<Type>Group</Type>
								<WidthMode>SizeToAvailable</WidthMode>
								<FormControlExtension
									i:nil="true" />
								<Controls>
									<AxFormControl xmlns=""
										i:type="AxFormActionPaneControl">
										<Name>AccountActionPane</Name>
										<Type>ActionPane</Type>
										<FormControlExtension
											i:nil="true" />
										<Controls>
											<AxFormControl xmlns=""
												i:type="AxFormActionPaneTabControl">
												<Name>AccountActionTab</Name>
												<HeightMode>Auto</HeightMode>
												<Type>ActionPaneTab</Type>
												<WidthMode>Auto</WidthMode>
												<FormControlExtension
													i:nil="true" />
												<Controls>
													<AxFormControl xmlns=""
														i:type="AxFormButtonGroupControl">
														<Name>AccountRecordGroup</Name>
														<HeightMode>Auto</HeightMode>
														<Type>ButtonGroup</Type>
														<WidthMode>Auto</WidthMode>
														<FormControlExtension
															i:nil="true" />
														<Controls>
															<AxFormControl xmlns=""
																i:type="AxFormMenuFunctionButtonControl">
																<Name>ZKPostAccount</Name>
																<AutoDeclaration>Yes</AutoDeclaration>
																<HeightMode>Auto</HeightMode>
																<Type>MenuFunctionButton</Type>
																<WidthMode>Auto</WidthMode>
																<FormControlExtension
																	i:nil="true" />
																<DataSource>ZKParameters</DataSource>
																<MenuItemName>ZKPostAccount</MenuItemName>
																<MenuItemType>Action</MenuItemType>
															</AxFormControl>
														</Controls>
													</AxFormControl>
												</Controls>
											</AxFormControl>
										</Controls>
										<Style>Strip</Style>
									</AxFormControl>
									<AxFormControl xmlns=""
										i:type="AxFormGroupControl">
										<Name>AccountOverview</Name>
										<AutoDeclaration>Yes</AutoDeclaration>
										<HeightMode>Auto</HeightMode>
										<Pattern>FieldsFieldGroups</Pattern>
										<PatternVersion>1.1</PatternVersion>
										<Type>Group</Type>
										<WidthMode>SizeToAvailable</WidthMode>
										<FormControlExtension
											i:nil="true" />
										<Controls>
											<AxFormControl xmlns=""
												i:type="AxFormGroupControl">
												<Name>FormGroupControl1</Name>
												<Type>Group</Type>
												<FormControlExtension
													i:nil="true" />
												<Controls>
													<AxFormControl xmlns=""
														i:type="AxFormCheckBoxControl">
														<Name>AccountOverview_ZKCreated</Name>
														<Type>CheckBox</Type>
														<FormControlExtension
															i:nil="true" />
														<DataField>ZKCreated</DataField>
														<DataSource>ZKParameters</DataSource>
													</AxFormControl>
													<AxFormControl xmlns=""
														i:type="AxFormStringControl">
														<Name>AccountOverview_ZKCompany</Name>
														<Type>String</Type>
														<FormControlExtension
															i:nil="true" />
														<DataField>ZKCompany</DataField>
														<DataSource>ZKParameters</DataSource>
													</AxFormControl>
													<AxFormControl xmlns=""
														i:type="AxFormStringControl">
														<Name>AccountOverview_ZKEmail</Name>
														<Type>String</Type>
														<FormControlExtension
															i:nil="true" />
														<DataField>ZKEmail</DataField>
														<DataSource>ZKParameters</DataSource>
													</AxFormControl>
													<AxFormControl xmlns=""
														i:type="AxFormInt64Control">
														<Name>AccountOverview_ZKAccountId</Name>
														<Type>Int64</Type>
														<FormControlExtension
															i:nil="true" />
														<DataField>ZKAccountId</DataField>
														<DataSource>ZKParameters</DataSource>
													</AxFormControl>
												</Controls>
											</AxFormControl>
										</Controls>
										<ColumnsMode>Fill</ColumnsMode>
										<DataSource>ZKParameters</DataSource>
										<FrameType>None</FrameType>
									</AxFormControl>
								</Controls>
								<FrameType>None</FrameType>
							</AxFormControl>
						</Controls>
						<Caption>@ZKSM:ZKSM0005</Caption>
					</AxFormControl>
					<AxFormControl xmlns=""
						i:type="AxFormTabPageControl">
						<Name>ShippingAccountSetup</Name>
						<Type>TabPage</Type>
						<FormControlExtension
							i:nil="true" />
						<Controls>
							<AxFormControl xmlns=""
								i:type="AxFormGroupControl">
								<Name>ShippingAccountSetupTitle</Name>
								<Skip>Yes</Skip>
								<Type>Group</Type>
								<WidthMode>SizeToAvailable</WidthMode>
								<FormControlExtension
									i:nil="true" />
								<Controls>
									<AxFormControl xmlns=""
										i:type="AxFormStaticTextControl">
										<Name>ShippingAccountSetupMainInstruction</Name>
										<Skip>Yes</Skip>
										<Type>StaticText</Type>
										<WidthMode>SizeToAvailable</WidthMode>
										<FormControlExtension
											i:nil="true" />
										<Style>MainInstruction</Style>
										<Text>@ZKSM:ZKSM0048</Text>
									</AxFormControl>
								</Controls>
								<AllowUserSetup>No</AllowUserSetup>
								<FrameType>None</FrameType>
								<Style>TOCTitleContainer</Style>
							</AxFormControl>
							<AxFormControl xmlns=""
								i:type="AxFormGroupControl">
								<Name>ShippingAccountSetupBody</Name>
								<HeightMode>SizeToAvailable</HeightMode>
								<Pattern>ToolbarList</Pattern>
								<PatternVersion>1.2</PatternVersion>
								<Type>Group</Type>
								<WidthMode>SizeToAvailable</WidthMode>
								<FormControlExtension
									i:nil="true" />
								<Controls>
									<AxFormControl xmlns=""
										i:type="AxFormActionPaneControl">
										<Name>ShippingAccountActionPane</Name>
										<Type>ActionPane</Type>
										<FormControlExtension
											i:nil="true" />
										<Controls>
											<AxFormControl xmlns=""
												i:type="AxFormActionPaneTabControl">
												<Name>ShippingAccountActionTab</Name>
												<HeightMode>Auto</HeightMode>
												<Type>ActionPaneTab</Type>
												<WidthMode>Auto</WidthMode>
												<FormControlExtension
													i:nil="true" />
												<Controls>
													<AxFormControl xmlns=""
														i:type="AxFormButtonGroupControl">
														<Name>ShippingAccountRecordGroup</Name>
														<HeightMode>Auto</HeightMode>
														<Type>ButtonGroup</Type>
														<WidthMode>Auto</WidthMode>
														<FormControlExtension
															i:nil="true" />
														<Controls>
															<AxFormControl xmlns=""
																i:type="AxFormMenuFunctionButtonControl">
																<Name>ZKAddShippingAccount</Name>
																<Type>MenuFunctionButton</Type>
																<FormControlExtension
																	i:nil="true" />
																<MenuItemName>ZKAddShippingAccount</MenuItemName>
															</AxFormControl>
															<AxFormControl xmlns=""
																i:type="AxFormCommandButtonControl">
																<Name>ShippingAccountDeleteButton</Name>
																<HeightMode>Auto</HeightMode>
																<Type>CommandButton</Type>
																<WidthMode>Auto</WidthMode>
																<FormControlExtension
																	i:nil="true" />
																<Command>DeleteRecord</Command>
																<MultiSelect>Yes</MultiSelect>
																<NeedsRecord>Yes</NeedsRecord>
																<NormalImage>Remove</NormalImage>
																<Text>@SYS135131</Text>
															</AxFormControl>
															<AxFormControl xmlns=""
																i:type="AxFormMenuFunctionButtonControl">
																<Name>ZKPostShippingAccount</Name>
																<HeightMode>Auto</HeightMode>
																<Type>MenuFunctionButton</Type>
																<WidthMode>Auto</WidthMode>
																<FormControlExtension
																	i:nil="true" />
																<DataSource>ZKShippingAccount</DataSource>
																<MenuItemName>ZKPostShippingAccount</MenuItemName>
																<MenuItemType>Action</MenuItemType>
																<MultiSelect>Yes</MultiSelect>
																<NeedsRecord>Yes</NeedsRecord>
																<NormalImage>Sync</NormalImage>
															</AxFormControl>
														</Controls>
														<DataSource>ZKShippingAccount</DataSource>
													</AxFormControl>
												</Controls>
												<DataSource>ZKShippingAccount</DataSource>
											</AxFormControl>
										</Controls>
										<DataSource>ZKShippingAccount</DataSource>
										<Style>Strip</Style>
									</AxFormControl>
									<AxFormControl xmlns=""
										i:type="AxFormGridControl">
										<Name>ShippingAccountGrid</Name>
										<Type>Grid</Type>
										<FormControlExtension
											i:nil="true" />
										<Controls>
											<AxFormControl xmlns=""
												i:type="AxFormStringControl">
												<Name>ShippingAccountGrid_ZKName</Name>
												<AllowEdit>No</AllowEdit>
												<Type>String</Type>
												<FormControlExtension
													i:nil="true" />
												<DataField>ZKName</DataField>
												<DataSource>ZKShippingAccount</DataSource>
											</AxFormControl>
											<AxFormControl xmlns=""
												i:type="AxFormInt64Control">
												<Name>ShippingAccountGrid_ZKShippingAccountId</Name>
												<AllowEdit>No</AllowEdit>
												<Type>Int64</Type>
												<FormControlExtension
													i:nil="true" />
												<DataField>ZKShippingAccountId</DataField>
												<DataSource>ZKShippingAccount</DataSource>
											</AxFormControl>
											<AxFormControl xmlns=""
												i:type="AxFormStringControl">
												<Name>ShippingAccountGrid_ZKCarrierCode</Name>
												<AllowEdit>No</AllowEdit>
												<Type>String</Type>
												<FormControlExtension
													i:nil="true" />
												<DataField>ZKCarrierCode</DataField>
												<DataSource>ZKShippingAccount</DataSource>
											</AxFormControl>
											<AxFormControl xmlns=""
												i:type="AxFormStringControl">
												<Name>ShippingAccountGrid_ZKDimUnits</Name>
												<AllowEdit>No</AllowEdit>
												<Type>String</Type>
												<FormControlExtension
													i:nil="true" />
												<DataField>ZKDimUnits</DataField>
												<DataSource>ZKShippingAccount</DataSource>
											</AxFormControl>
											<AxFormControl xmlns=""
												i:type="AxFormStringControl">
												<Name>ShippingAccountGrid_ZKCurrencyCode</Name>
												<AllowEdit>No</AllowEdit>
												<Type>String</Type>
												<FormControlExtension
													i:nil="true" />
												<DataField>ZKCurrencyCode</DataField>
												<DataSource>ZKShippingAccount</DataSource>
											</AxFormControl>
											<AxFormControl xmlns=""
												i:type="AxFormStringControl">
												<Name>ShippingAccountGrid_ZKWeightUnits</Name>
												<AllowEdit>No</AllowEdit>
												<Type>String</Type>
												<FormControlExtension
													i:nil="true" />
												<DataField>ZKWeightUnits</DataField>
												<DataSource>ZKShippingAccount</DataSource>
											</AxFormControl>
											<AxFormControl xmlns=""
												i:type="AxFormStringControl">
												<Name>ShippingAccountGrid_ZKCountryId</Name>
												<AllowEdit>No</AllowEdit>
												<Type>String</Type>
												<FormControlExtension
													i:nil="true" />
												<DataField>ZKCountryId</DataField>
												<DataSource>ZKShippingAccount</DataSource>
											</AxFormControl>
											<AxFormControl xmlns=""
												i:type="AxFormComboBoxControl">
												<Name>ShippingAccountGrid_EditIsDefault</Name>
												<Type>ComboBox</Type>
												<FormControlExtension
													i:nil="true" />
												<DataMethod>EditIsDefault</DataMethod>
												<DataSource>ZKShippingAccount</DataSource>
												<Items />
											</AxFormControl>
										</Controls>
										<DataGroup>ZKOverview</DataGroup>
										<DataSource>ZKShippingAccount</DataSource>
									</AxFormControl>
								</Controls>
								<DataSource>ZKShippingAccount</DataSource>
								<FrameType>None</FrameType>
							</AxFormControl>
						</Controls>
						<Caption>@ZKSM:ZKSM0048</Caption>
					</AxFormControl>
					<AxFormControl xmlns=""
						i:type="AxFormTabPageControl">
						<Name>ShipmentDefaults</Name>
						<Type>TabPage</Type>
						<FormControlExtension
							i:nil="true" />
						<Controls>
							<AxFormControl xmlns=""
								i:type="AxFormGroupControl">
								<Name>ShipmentDefaultsTitle</Name>
								<Skip>Yes</Skip>
								<Type>Group</Type>
								<WidthMode>SizeToAvailable</WidthMode>
								<FormControlExtension
									i:nil="true" />
								<Controls>
									<AxFormControl xmlns=""
										i:type="AxFormStaticTextControl">
										<Name>ShipmentDefaultsMainInstruction</Name>
										<Skip>Yes</Skip>
										<Type>StaticText</Type>
										<WidthMode>SizeToAvailable</WidthMode>
										<FormControlExtension
											i:nil="true" />
										<Style>MainInstruction</Style>
										<Text>Shipment defaults</Text>
									</AxFormControl>
								</Controls>
								<AllowUserSetup>No</AllowUserSetup>
								<FrameType>None</FrameType>
								<Style>TOCTitleContainer</Style>
							</AxFormControl>
							<AxFormControl xmlns=""
								i:type="AxFormGroupControl">
								<Name>ShipmentDefaultsBody</Name>
								<HeightMode>SizeToAvailable</HeightMode>
								<Type>Group</Type>
								<WidthMode>SizeToAvailable</WidthMode>
								<FormControlExtension
									i:nil="true" />
								<Controls>
									<AxFormControl xmlns=""
										i:type="AxFormGroupControl">
										<Name>SenderInfoGroup</Name>
										<Type>Group</Type>
										<FormControlExtension
											i:nil="true" />
										<Controls>
											<AxFormControl xmlns=""
												i:type="AxFormStringControl">
												<Name>ZKParameters_ZKSenderPhone</Name>
												<Type>String</Type>
												<FormControlExtension
													i:nil="true" />
												<DataField>ZKSenderPhone</DataField>
												<DataSource>ZKParameters</DataSource>
											</AxFormControl>
											<AxFormControl xmlns=""
												i:type="AxFormStringControl">
												<Name>ZKParameters_ZKSenderEmail</Name>
												<Type>String</Type>
												<FormControlExtension
													i:nil="true" />
												<DataField>ZKSenderEmail</DataField>
												<DataSource>ZKParameters</DataSource>
											</AxFormControl>
										</Controls>
										<Caption>Sender info</Caption>
									</AxFormControl>
									<AxFormControl xmlns=""
										i:type="AxFormGroupControl">
										<Name>CostMarkup</Name>
										<Type>Group</Type>
										<FormControlExtension
											i:nil="true" />
										<Controls>
											<AxFormControl xmlns=""
												i:type="AxFormComboBoxControl">
												<Name>ZKParameters_ZKMarkupModule</Name>
												<Type>ComboBox</Type>
												<FormControlExtension
													i:nil="true" />
												<DataField>ZKMarkupModule</DataField>
												<DataSource>ZKParameters</DataSource>
												<Items />
											</AxFormControl>
											<AxFormControl xmlns=""
												i:type="AxFormStringControl">
												<Name>ZKParameters_ZKMarkupCode</Name>
												<Type>String</Type>
												<FormControlExtension
													i:nil="true" />
												<DataField>ZKMarkupCode</DataField>
												<DataSource>ZKParameters</DataSource>
											</AxFormControl>
										</Controls>
										<Caption>Cost markup</Caption>
									</AxFormControl>
								</Controls>
								<FrameType>None</FrameType>
							</AxFormControl>
						</Controls>
						<Caption>Shipment defaults</Caption>
					</AxFormControl>
				</Controls>
				<Style>VerticalTabs</Style>
			</AxFormControl>
		</Controls>
	</Design>
	<Parts />
</AxForm>