<?xml version="1.0" encoding="utf-8"?>
<AxForm xmlns:i="http://www.w3.org/2001/XMLSchema-instance" xmlns="Microsoft.Dynamics.AX.Metadata.V6">
	<Name>ZKShipmentDialog</Name>
	<SourceCode>
		<Methods xmlns="">
			<Method>
				<Name>classDeclaration</Name>
				<Source><![CDATA[
[Form]
public class ZKShipmentDialog extends FormRun
{
    Object caller;
    ZKShipmentRecId zhShipmentRecId;

}
]]></Source>
			</Method>
			<Method>
				<Name>init</Name>
				<Source><![CDATA[
    public void init()
    {
        super();

        caller = this.args().caller();

        switch(this.args().menuItemName())
        {
            case menuItemDisplayStr(ZKShipmentDialogWMS):
                WMSShipment wmsShipmentTable = caller.dataSource().cursor() as WMSShipment;
                zhShipmentRecId = ZKShipments::findByBaseId(wmsShipmentTable.shipmentId, ZKShipmentModule::WMSShipment).RecId;
                break;
            case menuItemDisplayStr(ZKShipmentDialogWHS):
                WHSShipmentTable whsShipmentTable = caller.dataSource().cursor() as WHSShipmentTable;
                zhShipmentRecId = ZKShipments::findByBaseId(whsShipmentTable.shipmentId, ZKShipmentModule::WMSShipment).RecId;
                break;
            case menuItemDisplayStr(ZKShipmentDialogWHSLoadTable):
                WHSLoadTable whsLoadTable = caller.dataSource().cursor() as WHSLoadTable;
                zhShipmentRecId = ZKShipments::findByBaseId(whsLoadTable.LoadId, ZKShipmentModule::WHSLoadTable).RecId;
                break;
            default : throw error(strFmt("@SYS19306",funcName()));
        }
    }

]]></Source>
			</Method>
		</Methods>
		<DataSources xmlns="">
			<DataSource>
				<Name>ZKShipments</Name>
				<Methods>
					<Method>
						<Name>executeQuery</Name>
						<Source><![CDATA[
        public void executeQuery()
        {
            this.query()
                .dataSourceTable(tableNum(ZKShipments))
                .addRange(fieldNum(ZKShipments, RecId))
                .value(queryValue(zhShipmentRecId));
            
            super();
        }

]]></Source>
					</Method>
				</Methods>
				<Fields />
			</DataSource>
		</DataSources>
		<DataControls xmlns="">
			<Control>
				<Name>DownloadLabel</Name>
				<Type>Button</Type>
				<Methods>
					<Method>
						<Name>clicked</Name>
						<Source><![CDATA[
        /// <summary>
        ///
        /// </summary>
        public void clicked()
        {
            str url;
            ZKPackages p;
            System.IO.MemoryStream stream;
            System.IO.StreamWriter writer;

            select firstonly p where p.RecId == ZKPackages_ds.cursor().RecId;
            
            if(!p)
                throw error("Unable to generate label.");

            stream = Binary::constructFromContainer(p.ZKLabelData).getMemoryStream();
            writer = new System.IO.StreamWriter(stream);
            stream.Position = 0;
 
            url = File::SendFileToTempStore(
                stream,
                strFmt("%1-%2.%3", p.ZKShipmentId, p.ZKTrackingNumber, p.ZKLabelType),
                classstr (FileUploadTemporaryStorageStrategy));
 
            new Browser().navigate(url, true);
        }

]]></Source>
					</Method>
				</Methods>
			</Control>
			<Control>
				<Name>DownloadDocument</Name>
				<Type>Button</Type>
				<Methods>
					<Method>
						<Name>clicked</Name>
						<Source><![CDATA[
        /// <summary>
        ///
        /// </summary>
        public void clicked()
        {
            str url;
            ZKShippingDocuments document;
            System.IO.MemoryStream stream;
            System.IO.StreamWriter writer;

            select firstonly document where document.RecId == ZKShippingDocuments_ds.cursor().RecId;
            
            if(!document)
                throw error("Unable to generate document.");

            stream = Binary::constructFromContainer(document.ZKDocumentData).getMemoryStream();
            writer = new System.IO.StreamWriter(stream);
            stream.Position = 0;
 
            url = File::SendFileToTempStore(
                stream,
                strFmt("%1.%2", document.ZKDescription, document.ZKDocumentType),
                classstr (FileUploadTemporaryStorageStrategy));
 
            new Browser().navigate(url, true);
        }

]]></Source>
					</Method>
				</Methods>
			</Control>
		</DataControls>
		<Members xmlns="" />
	</SourceCode>
	<DataSources>
		<AxFormDataSource xmlns="">
			<Name>ZKShipments</Name>
			<Table>ZKShipments</Table>
			<Fields>
				<AxFormDataSourceField>
					<DataField>DataAreaId</DataField>
				</AxFormDataSourceField>
				<AxFormDataSourceField>
					<DataField>Partition</DataField>
				</AxFormDataSourceField>
				<AxFormDataSourceField>
					<DataField>RecId</DataField>
				</AxFormDataSourceField>
				<AxFormDataSourceField>
					<DataField>TableId</DataField>
				</AxFormDataSourceField>
				<AxFormDataSourceField>
					<DataField>ZKBaseShipmentId</DataField>
				</AxFormDataSourceField>
				<AxFormDataSourceField>
					<DataField>ZKCancelMessage</DataField>
				</AxFormDataSourceField>
				<AxFormDataSourceField>
					<DataField>ZKCarrierCode</DataField>
				</AxFormDataSourceField>
				<AxFormDataSourceField>
					<DataField>ZKCarrierServiceCode</DataField>
				</AxFormDataSourceField>
				<AxFormDataSourceField>
					<DataField>ZKCostAmountStr</DataField>
				</AxFormDataSourceField>
				<AxFormDataSourceField>
					<DataField>ZKCostCurrencyCode</DataField>
				</AxFormDataSourceField>
				<AxFormDataSourceField>
					<DataField>ZKIsCanceled</DataField>
				</AxFormDataSourceField>
				<AxFormDataSourceField>
					<DataField>ZKLabelSize</DataField>
				</AxFormDataSourceField>
				<AxFormDataSourceField>
					<DataField>ZKLabelType</DataField>
				</AxFormDataSourceField>
				<AxFormDataSourceField>
					<DataField>ZKMarkupTransRecId</DataField>
				</AxFormDataSourceField>
				<AxFormDataSourceField>
					<DataField>ZKPackagingTypeCode</DataField>
				</AxFormDataSourceField>
				<AxFormDataSourceField>
					<DataField>ZKShipDate</DataField>
				</AxFormDataSourceField>
				<AxFormDataSourceField>
					<DataField>ZKShipmentId</DataField>
				</AxFormDataSourceField>
				<AxFormDataSourceField>
					<DataField>ZKShipmentModule</DataField>
				</AxFormDataSourceField>
				<AxFormDataSourceField>
					<DataField>ZKShippingAccountId</DataField>
				</AxFormDataSourceField>
				<AxFormDataSourceField>
					<DataField>ZKTrackingNumber</DataField>
				</AxFormDataSourceField>
				<AxFormDataSourceField>
					<DataField>ZKType</DataField>
				</AxFormDataSourceField>
			</Fields>
			<ReferencedDataSources />
			<DataSourceLinks />
			<DerivedDataSources />
		</AxFormDataSource>
		<AxFormDataSource xmlns="">
			<Name>ZKPackages</Name>
			<Table>ZKPackages</Table>
			<Fields>
				<AxFormDataSourceField>
					<DataField>DataAreaId</DataField>
				</AxFormDataSourceField>
				<AxFormDataSourceField>
					<DataField>Partition</DataField>
				</AxFormDataSourceField>
				<AxFormDataSourceField>
					<DataField>RecId</DataField>
				</AxFormDataSourceField>
				<AxFormDataSourceField>
					<DataField>TableId</DataField>
				</AxFormDataSourceField>
				<AxFormDataSourceField>
					<DataField>ZKLabel</DataField>
				</AxFormDataSourceField>
				<AxFormDataSourceField>
					<DataField>ZKLabelType</DataField>
				</AxFormDataSourceField>
				<AxFormDataSourceField>
					<DataField>ZKPackageHeight</DataField>
				</AxFormDataSourceField>
				<AxFormDataSourceField>
					<DataField>ZKPackageLength</DataField>
				</AxFormDataSourceField>
				<AxFormDataSourceField>
					<DataField>ZKPackageValue</DataField>
				</AxFormDataSourceField>
				<AxFormDataSourceField>
					<DataField>ZKPackageWeight</DataField>
				</AxFormDataSourceField>
				<AxFormDataSourceField>
					<DataField>ZKPackageWidth</DataField>
				</AxFormDataSourceField>
				<AxFormDataSourceField>
					<DataField>ZKShipmentId</DataField>
				</AxFormDataSourceField>
				<AxFormDataSourceField>
					<DataField>ZKTrackingNumber</DataField>
				</AxFormDataSourceField>
			</Fields>
			<ReferencedDataSources />
			<JoinSource>ZKShipments</JoinSource>
			<DataSourceLinks />
			<DerivedDataSources />
		</AxFormDataSource>
		<AxFormDataSource xmlns="">
			<Name>ZKShippingDocuments</Name>
			<Table>ZKShippingDocuments</Table>
			<Fields>
				<AxFormDataSourceField>
					<DataField>DataAreaId</DataField>
				</AxFormDataSourceField>
				<AxFormDataSourceField>
					<DataField>Partition</DataField>
				</AxFormDataSourceField>
				<AxFormDataSourceField>
					<DataField>RecId</DataField>
				</AxFormDataSourceField>
				<AxFormDataSourceField>
					<DataField>TableId</DataField>
				</AxFormDataSourceField>
				<AxFormDataSourceField>
					<DataField>ZKDescription</DataField>
				</AxFormDataSourceField>
				<AxFormDataSourceField>
					<DataField>ZKDocument</DataField>
				</AxFormDataSourceField>
				<AxFormDataSourceField>
					<DataField>ZKDocumentData</DataField>
				</AxFormDataSourceField>
				<AxFormDataSourceField>
					<DataField>ZKDocumentType</DataField>
				</AxFormDataSourceField>
				<AxFormDataSourceField>
					<DataField>ZKShipmentRecId</DataField>
				</AxFormDataSourceField>
			</Fields>
			<ReferencedDataSources />
			<JoinSource>ZKShipments</JoinSource>
			<DataSourceLinks />
			<DerivedDataSources />
		</AxFormDataSource>
	</DataSources>
	<Design>
		<Caption xmlns="">Shipment summary</Caption>
		<DialogSize xmlns="">Full</DialogSize>
		<Pattern xmlns="">DialogReadOnly</Pattern>
		<PatternVersion xmlns="">1.2</PatternVersion>
		<Style xmlns="">Dialog</Style>
		<ViewEditMode xmlns="">View</ViewEditMode>
		<Controls xmlns="">
			<AxFormControl xmlns=""
				i:type="AxFormStaticTextControl">
				<Name>StaticText</Name>
				<ExtendedStyle>dialog_secondaryInstruction</ExtendedStyle>
				<Type>StaticText</Type>
				<WidthMode>SizeToAvailable</WidthMode>
				<FormControlExtension
					i:nil="true" />
				<Text>Shipment packages</Text>
			</AxFormControl>
			<AxFormControl xmlns=""
				i:type="AxFormGroupControl">
				<Name>FormGroup</Name>
				<HeightMode>SizeToAvailable</HeightMode>
				<Type>Group</Type>
				<WidthMode>SizeToAvailable</WidthMode>
				<FormControlExtension
					i:nil="true" />
				<Controls>
					<AxFormControl xmlns=""
						i:type="AxFormGroupControl">
						<Name>ShipmentGroup</Name>
						<Type>Group</Type>
						<FormControlExtension
							i:nil="true" />
						<Controls>
							<AxFormControl xmlns=""
								i:type="AxFormStringControl">
								<Name>ZKShipments_ZKBaseShipmentId</Name>
								<Type>String</Type>
								<FormControlExtension
									i:nil="true" />
								<DataField>ZKBaseShipmentId</DataField>
								<DataSource>ZKShipments</DataSource>
							</AxFormControl>
							<AxFormControl xmlns=""
								i:type="AxFormGroupControl">
								<Name>CostGroup</Name>
								<Type>Group</Type>
								<FormControlExtension
									i:nil="true" />
								<Controls>
									<AxFormControl xmlns=""
										i:type="AxFormStringControl">
										<Name>ZKShipments_ZKCostCurrencyCode</Name>
										<Type>String</Type>
										<FormControlExtension
											i:nil="true" />
										<DataField>ZKCostCurrencyCode</DataField>
										<DataSource>ZKShipments</DataSource>
									</AxFormControl>
									<AxFormControl xmlns=""
										i:type="AxFormStringControl">
										<Name>ZKShipments_ZKCostAmountStr</Name>
										<Type>String</Type>
										<FormControlExtension
											i:nil="true" />
										<DataField>ZKCostAmountStr</DataField>
										<DataSource>ZKShipments</DataSource>
									</AxFormControl>
								</Controls>
								<Caption>Cost</Caption>
							</AxFormControl>
							<AxFormControl xmlns=""
								i:type="AxFormGroupControl">
								<Name>ShippingCarrier</Name>
								<Type>Group</Type>
								<FormControlExtension
									i:nil="true" />
								<Controls>
									<AxFormControl xmlns=""
										i:type="AxFormStringControl">
										<Name>ZKShipments_ZKCarrierServiceCode</Name>
										<Type>String</Type>
										<FormControlExtension
											i:nil="true" />
										<DataField>ZKCarrierServiceCode</DataField>
										<DataSource>ZKShipments</DataSource>
									</AxFormControl>
									<AxFormControl xmlns=""
										i:type="AxFormStringControl">
										<Name>ZKShipments_ZKCarrierCode</Name>
										<Type>String</Type>
										<FormControlExtension
											i:nil="true" />
										<DataField>ZKCarrierCode</DataField>
										<DataSource>ZKShipments</DataSource>
									</AxFormControl>
									<AxFormControl xmlns=""
										i:type="AxFormInt64Control">
										<Name>ZKShipments_ZKShippingAccountId</Name>
										<Type>Int64</Type>
										<FormControlExtension
											i:nil="true" />
										<DataField>ZKShippingAccountId</DataField>
										<DataSource>ZKShipments</DataSource>
									</AxFormControl>
								</Controls>
								<Caption>Shipping carrier</Caption>
							</AxFormControl>
							<AxFormControl xmlns=""
								i:type="AxFormGroupControl">
								<Name>DetailsGroup</Name>
								<Type>Group</Type>
								<FormControlExtension
									i:nil="true" />
								<Controls>
									<AxFormControl xmlns=""
										i:type="AxFormStringControl">
										<Name>ZKShipments_ZKPackagingTypeCode</Name>
										<Type>String</Type>
										<FormControlExtension
											i:nil="true" />
										<DataField>ZKPackagingTypeCode</DataField>
										<DataSource>ZKShipments</DataSource>
									</AxFormControl>
									<AxFormControl xmlns=""
										i:type="AxFormDateControl">
										<Name>ZKShipments_ZKShipDate</Name>
										<Type>Date</Type>
										<FormControlExtension
											i:nil="true" />
										<DataField>ZKShipDate</DataField>
										<DataSource>ZKShipments</DataSource>
									</AxFormControl>
									<AxFormControl xmlns=""
										i:type="AxFormStringControl">
										<Name>ZKShipments_ZKTrackingNumber</Name>
										<Type>String</Type>
										<FormControlExtension
											i:nil="true" />
										<DataField>ZKTrackingNumber</DataField>
										<DataSource>ZKShipments</DataSource>
									</AxFormControl>
									<AxFormControl xmlns=""
										i:type="AxFormStringControl">
										<Name>ZKShipments_ZKLabelType</Name>
										<Type>String</Type>
										<FormControlExtension
											i:nil="true" />
										<DataField>ZKLabelType</DataField>
										<DataSource>ZKShipments</DataSource>
									</AxFormControl>
									<AxFormControl xmlns=""
										i:type="AxFormComboBoxControl">
										<Name>WMSShipment_status</Name>
										<Type>ComboBox</Type>
										<FormControlExtension
											i:nil="true" />
										<DataSource>ZKShipments</DataSource>
										<Items />
									</AxFormControl>
								</Controls>
								<Caption>Details</Caption>
							</AxFormControl>
						</Controls>
						<ArrangeMethod>HorizontalWrap</ArrangeMethod>
						<ColumnsMode>Fill</ColumnsMode>
						<Caption>Shipment</Caption>
					</AxFormControl>
					<AxFormControl xmlns=""
						i:type="AxFormTabControl">
						<Name>DetailsTab</Name>
						<Type>Tab</Type>
						<FormControlExtension
							i:nil="true" />
						<Controls>
							<AxFormControl xmlns=""
								i:type="AxFormTabPageControl">
								<Name>PackagesTab</Name>
								<Type>TabPage</Type>
								<FormControlExtension
									i:nil="true" />
								<Controls>
									<AxFormControl xmlns=""
										i:type="AxFormGridControl">
										<Name>Grid</Name>
										<HeightMode>SizeToContent</HeightMode>
										<Type>Grid</Type>
										<WidthMode>SizeToContent</WidthMode>
										<FormControlExtension
											i:nil="true" />
										<Controls>
											<AxFormControl xmlns=""
												i:type="AxFormRealControl">
												<Name>Grid_ZKPackageWeight</Name>
												<Type>Real</Type>
												<FormControlExtension
													i:nil="true" />
												<DataField>ZKPackageWeight</DataField>
												<DataSource>ZKPackages</DataSource>
											</AxFormControl>
											<AxFormControl xmlns=""
												i:type="AxFormRealControl">
												<Name>Grid_ZKPackageHeight</Name>
												<Type>Real</Type>
												<FormControlExtension
													i:nil="true" />
												<DataField>ZKPackageHeight</DataField>
												<DataSource>ZKPackages</DataSource>
											</AxFormControl>
											<AxFormControl xmlns=""
												i:type="AxFormRealControl">
												<Name>Grid_ZKPackageLength</Name>
												<Type>Real</Type>
												<FormControlExtension
													i:nil="true" />
												<DataField>ZKPackageLength</DataField>
												<DataSource>ZKPackages</DataSource>
											</AxFormControl>
											<AxFormControl xmlns=""
												i:type="AxFormRealControl">
												<Name>Grid_ZKPackageWidth</Name>
												<Type>Real</Type>
												<FormControlExtension
													i:nil="true" />
												<DataField>ZKPackageWidth</DataField>
												<DataSource>ZKPackages</DataSource>
											</AxFormControl>
											<AxFormControl xmlns=""
												i:type="AxFormRealControl">
												<Name>Grid_ZKPackageValue</Name>
												<Type>Real</Type>
												<FormControlExtension
													i:nil="true" />
												<DataField>ZKPackageValue</DataField>
												<DataSource>ZKPackages</DataSource>
											</AxFormControl>
											<AxFormControl xmlns=""
												i:type="AxFormStringControl">
												<Name>Grid_ZKTrackingNumber</Name>
												<Type>String</Type>
												<FormControlExtension
													i:nil="true" />
												<DataField>ZKTrackingNumber</DataField>
												<DataSource>ZKPackages</DataSource>
											</AxFormControl>
											<AxFormControl xmlns=""
												i:type="AxFormButtonControl">
												<Name>DownloadLabel</Name>
												<Type>Button</Type>
												<FormControlExtension
													i:nil="true" />
												<ButtonDisplay>TextOnly</ButtonDisplay>
												<Style>Link</Style>
												<Text>Download</Text>
											</AxFormControl>
										</Controls>
										<DataSource>ZKPackages</DataSource>
										<MultiSelect>No</MultiSelect>
									</AxFormControl>
									<AxFormControl xmlns=""
										i:type="AxFormImageControl">
										<Name>PackageLabel</Name>
										<HeightMode>SizeToAvailable</HeightMode>
										<Type>Image</Type>
										<WidthMode>SizeToAvailable</WidthMode>
										<FormControlExtension
											i:nil="true" />
										<DataField>ZKLabelData</DataField>
										<DataSource>ZKPackages</DataSource>
										<Label>Package label</Label>
									</AxFormControl>
								</Controls>
								<Columns>2</Columns>
								<Caption>Packages</Caption>
							</AxFormControl>
							<AxFormControl xmlns=""
								i:type="AxFormTabPageControl">
								<Name>ShippingDocumentTab</Name>
								<Type>TabPage</Type>
								<FormControlExtension
									i:nil="true" />
								<Controls>
									<AxFormControl xmlns=""
										i:type="AxFormGridControl">
										<Name>ShippingDocumentGrid</Name>
										<Type>Grid</Type>
										<FormControlExtension
											i:nil="true" />
										<Controls>
											<AxFormControl xmlns=""
												i:type="AxFormStringControl">
												<Name>ZKShippingDocuments_ZKDescription</Name>
												<Type>String</Type>
												<FormControlExtension
													i:nil="true" />
												<DataField>ZKDescription</DataField>
												<DataSource>ZKShippingDocuments</DataSource>
											</AxFormControl>
											<AxFormControl xmlns=""
												i:type="AxFormStringControl">
												<Name>ZKShippingDocuments_ZKDocumentType</Name>
												<Type>String</Type>
												<FormControlExtension
													i:nil="true" />
												<DataField>ZKDocumentType</DataField>
												<DataSource>ZKShippingDocuments</DataSource>
											</AxFormControl>
											<AxFormControl xmlns=""
												i:type="AxFormButtonControl">
												<Name>DownloadDocument</Name>
												<Type>Button</Type>
												<FormControlExtension
													i:nil="true" />
												<Big>Yes</Big>
												<ButtonDisplay>TextOnly</ButtonDisplay>
												<Style>Link</Style>
												<Text>Download</Text>
											</AxFormControl>
										</Controls>
									</AxFormControl>
								</Controls>
								<Caption>Shipping documents</Caption>
							</AxFormControl>
						</Controls>
					</AxFormControl>
				</Controls>
				<Style>DialogContent</Style>
			</AxFormControl>
			<AxFormControl xmlns=""
				i:type="AxFormButtonGroupControl">
				<Name>FormButtonGroup</Name>
				<Type>ButtonGroup</Type>
				<WidthMode>SizeToAvailable</WidthMode>
				<FormControlExtension
					i:nil="true" />
				<Controls>
					<AxFormControl xmlns=""
						i:type="AxFormCommandButtonControl">
						<Name>CloseButton</Name>
						<Type>CommandButton</Type>
						<FormControlExtension
							i:nil="true" />
						<Command>Cancel</Command>
						<SaveRecord>No</SaveRecord>
						<Text>@SYS15212</Text>
					</AxFormControl>
				</Controls>
				<ArrangeMethod>HorizontalRight</ArrangeMethod>
				<Style>DialogCommitContainer</Style>
			</AxFormControl>
		</Controls>
	</Design>
	<Parts />
</AxForm>