<?xml version="1.0" encoding="utf-8"?>
<AxMenuExtension xmlns:i="http://www.w3.org/2001/XMLSchema-instance" xmlns="Microsoft.Dynamics.AX.Metadata.V1">
	<Name>MainMenu.ZKShippingManagement</Name>
	<Customizations />
	<Elements>
		<AxMenuExtensionElement xmlns="">
			<MenuElement xmlns=""
				i:type="AxMenuElementMenuReference">
				<Name>ShippingManagement</Name>
				<MenuName>ZKShippingManagement</MenuName>
			</MenuElement>
		</AxMenuExtensionElement>
	</Elements>
	<MenuElementModifications />
	<PropertyModifications />
</AxMenuExtension>