<?xml version="1.0" encoding="utf-8"?>
<AxTable xmlns:i="http://www.w3.org/2001/XMLSchema-instance">
	<Name>ZKAPILogs</Name>
	<SourceCode>
		<Declaration><![CDATA[
public class ZKAPILogs extends common
{
}
]]></Declaration>
		<Methods>
			<Method>
				<Name>Log</Name>
				<Source><![CDATA[
    /// <summary>
    ///
    /// </summary>
    public static void Log(str api, str request, str response)
    {
        ZKAPILogs apiLogs;

        ttsbegin;

        apiLogs.initValue();
        apiLogs.ZKAPI = api;
        apiLogs.ZKRequest = request;
        apiLogs.ZKResponse = response;
        apiLogs.insert();

        ttscommit;
    }

]]></Source>
			</Method>
		</Methods>
	</SourceCode>
	<SubscriberAccessLevel>
		<Read>Allow</Read>
	</SubscriberAccessLevel>
	<CreatedBy>Yes</CreatedBy>
	<CreatedDateTime>Yes</CreatedDateTime>
	<DeleteActions />
	<FieldGroups>
		<AxTableFieldGroup>
			<Name>AutoReport</Name>
			<Fields />
		</AxTableFieldGroup>
		<AxTableFieldGroup>
			<Name>AutoLookup</Name>
			<Fields />
		</AxTableFieldGroup>
		<AxTableFieldGroup>
			<Name>AutoIdentification</Name>
			<AutoPopulate>Yes</AutoPopulate>
			<Fields />
		</AxTableFieldGroup>
		<AxTableFieldGroup>
			<Name>AutoSummary</Name>
			<Fields />
		</AxTableFieldGroup>
		<AxTableFieldGroup>
			<Name>AutoBrowse</Name>
			<Fields />
		</AxTableFieldGroup>
	</FieldGroups>
	<Fields>
		<AxTableField xmlns=""
			i:type="AxTableFieldString">
			<Name>ZKRequest</Name>
			<StringSize>-1</StringSize>
		</AxTableField>
		<AxTableField xmlns=""
			i:type="AxTableFieldString">
			<Name>ZKResponse</Name>
			<StringSize>-1</StringSize>
		</AxTableField>
		<AxTableField xmlns=""
			i:type="AxTableFieldString">
			<Name>ZKAPI</Name>
			<StringSize>25</StringSize>
		</AxTableField>
	</Fields>
	<FullTextIndexes />
	<Indexes />
	<Mappings />
	<Relations />
	<StateMachines />
</AxTable>