<?xml version="1.0" encoding="utf-8"?>
<AxTable xmlns:i="http://www.w3.org/2001/XMLSchema-instance">
	<Name>ZKCarrierReferences</Name>
	<SourceCode>
		<Declaration><![CDATA[
public class ZKCarrierReferences extends common
{
}
]]></Declaration>
		<Methods>
			<Method>
				<Name>unsupport</Name>
				<Source><![CDATA[
    public static void unsupport(TMSCarrierCode carrierCode)
    {
        ZKCarrierReferences carrierReferences;

        update_recordset carrierReferences
            setting ZKSupported = NoYes::No
            where
                carrierReferences.ZKCarrierCode == carrierCode;
    }

]]></Source>
			</Method>
		</Methods>
	</SourceCode>
	<Label>Carrier references</Label>
	<SubscriberAccessLevel>
		<Read>Allow</Read>
	</SubscriberAccessLevel>
	<DeleteActions />
	<FieldGroups>
		<AxTableFieldGroup>
			<Name>AutoReport</Name>
			<Fields />
		</AxTableFieldGroup>
		<AxTableFieldGroup>
			<Name>AutoLookup</Name>
			<Fields />
		</AxTableFieldGroup>
		<AxTableFieldGroup>
			<Name>AutoIdentification</Name>
			<AutoPopulate>Yes</AutoPopulate>
			<Fields />
		</AxTableFieldGroup>
		<AxTableFieldGroup>
			<Name>AutoSummary</Name>
			<Fields />
		</AxTableFieldGroup>
		<AxTableFieldGroup>
			<Name>AutoBrowse</Name>
			<Fields />
		</AxTableFieldGroup>
		<AxTableFieldGroup>
			<Name>CarrierFields</Name>
			<Fields>
				<AxTableFieldGroupField>
					<DataField>ZKCode</DataField>
				</AxTableFieldGroupField>
				<AxTableFieldGroupField>
					<DataField>ZKName</DataField>
				</AxTableFieldGroupField>
				<AxTableFieldGroupField>
					<DataField>ZKSalesTableFieldId</DataField>
				</AxTableFieldGroupField>
				<AxTableFieldGroupField>
					<DataField>ZKUseInRequest</DataField>
				</AxTableFieldGroupField>
			</Fields>
		</AxTableFieldGroup>
	</FieldGroups>
	<Fields>
		<AxTableField xmlns=""
			i:type="AxTableFieldString">
			<Name>ZKSlug</Name>
			<ExtendedDataType>ZKSlug</ExtendedDataType>
		</AxTableField>
		<AxTableField xmlns=""
			i:type="AxTableFieldString">
			<Name>ZKName</Name>
			<ExtendedDataType>ZKName</ExtendedDataType>
		</AxTableField>
		<AxTableField xmlns=""
			i:type="AxTableFieldString">
			<Name>ZKCarrierCode</Name>
			<ExtendedDataType>TMSCarrierCode</ExtendedDataType>
		</AxTableField>
		<AxTableField xmlns=""
			i:type="AxTableFieldEnum">
			<Name>ZKSupported</Name>
			<EnumType>NoYes</EnumType>
		</AxTableField>
		<AxTableField xmlns=""
			i:type="AxTableFieldString">
			<Name>ZKCode</Name>
			<ExtendedDataType>ZKCode</ExtendedDataType>
		</AxTableField>
		<AxTableField xmlns=""
			i:type="AxTableFieldInt">
			<Name>ZKSalesTableFieldId</Name>
		</AxTableField>
		<AxTableField xmlns=""
			i:type="AxTableFieldEnum">
			<Name>ZKUseInRequest</Name>
			<Label>Use in request</Label>
			<EnumType>NoYes</EnumType>
		</AxTableField>
	</Fields>
	<FullTextIndexes />
	<Indexes>
		<AxTableIndex>
			<Name>Idx</Name>
			<Fields>
				<AxTableIndexField>
					<DataField>ZKCode</DataField>
				</AxTableIndexField>
				<AxTableIndexField>
					<DataField>ZKCarrierCode</DataField>
				</AxTableIndexField>
				<AxTableIndexField>
					<DataField>ZKSlug</DataField>
				</AxTableIndexField>
			</Fields>
		</AxTableIndex>
	</Indexes>
	<Mappings />
	<Relations>
		<AxTableRelation>
			<Name>TMSCarrier</Name>
			<Cardinality>ZeroOne</Cardinality>
			<OnDelete>Cascade</OnDelete>
			<RelatedTable>TMSCarrier</RelatedTable>
			<RelatedTableCardinality>ExactlyOne</RelatedTableCardinality>
			<RelationshipType>Composition</RelationshipType>
			<Constraints>
				<AxTableRelationConstraint xmlns=""
					i:type="AxTableRelationConstraintField">
					<Name>ZKCarrierCode</Name>
					<SourceEDT>TMSCarrierCode</SourceEDT>
					<Field>ZKCarrierCode</Field>
					<RelatedField>CarrierCode</RelatedField>
				</AxTableRelationConstraint>
			</Constraints>
		</AxTableRelation>
	</Relations>
	<StateMachines />
</AxTable>