<?xml version="1.0" encoding="utf-8"?>
<AxTable xmlns:i="http://www.w3.org/2001/XMLSchema-instance">
	<Name>ZKCarrierLabelTypes</Name>
	<SourceCode>
		<Declaration><![CDATA[
public class ZKCarrierLabelTypes extends common
{
}
]]></Declaration>
		<Methods>
			<Method>
				<Name>EditIsDefault</Name>
				<Source><![CDATA[
    public edit NoYes EditIsDefault(boolean _set, NoYes _value)
    {
        if(_set)
        {
            ZKCarrierLabelTypes updateRec;

            ttsbegin;

            if(_value == NoYes::Yes)
            {
                while select forupdate updateRec
                where
                    updateRec.ZKCarrierCode == this.ZKCarrierCode
                {
                    updateRec.ZKIsDefault = NoYes::No;
                    updateRec.update();
                }
            }
            this.ZKIsDefault = _value;
            this.update();

            ttscommit;
        }
        
        return this.ZKIsDefault;
    }

]]></Source>
			</Method>
			<Method>
				<Name>findDefault</Name>
				<Source><![CDATA[
    public static ZKCarrierLabelTypes findDefault(
        TMSCarrierCode _carrierCode)
    {
        ZKCarrierLabelTypes defaultRec;

        select firstonly defaultRec
            where
                defaultRec.ZKIsDefault == NoYes::Yes &&
                defaultRec.Supported == NoYes::Yes &&
                defaultRec.ZKCarrierCode == _carrierCode;
        
        return defaultRec;
    }

]]></Source>
			</Method>
		</Methods>
	</SourceCode>
	<SubscriberAccessLevel>
		<Read>Allow</Read>
	</SubscriberAccessLevel>
	<DeleteActions />
	<FieldGroups>
		<AxTableFieldGroup>
			<Name>AutoReport</Name>
			<Fields />
		</AxTableFieldGroup>
		<AxTableFieldGroup>
			<Name>AutoLookup</Name>
			<Fields />
		</AxTableFieldGroup>
		<AxTableFieldGroup>
			<Name>AutoIdentification</Name>
			<AutoPopulate>Yes</AutoPopulate>
			<Fields />
		</AxTableFieldGroup>
		<AxTableFieldGroup>
			<Name>AutoSummary</Name>
			<Fields />
		</AxTableFieldGroup>
		<AxTableFieldGroup>
			<Name>AutoBrowse</Name>
			<Fields />
		</AxTableFieldGroup>
		<AxTableFieldGroup>
			<Name>ZKOverview</Name>
			<Fields>
				<AxTableFieldGroupField>
					<DataField>ZKLabelType</DataField>
				</AxTableFieldGroupField>
				<AxTableFieldGroupField>
					<DataField>EditIsDefault</DataField>
				</AxTableFieldGroupField>
			</Fields>
		</AxTableFieldGroup>
	</FieldGroups>
	<Fields>
		<AxTableField xmlns=""
			i:type="AxTableFieldString">
			<Name>ZKCarrierCode</Name>
			<ExtendedDataType>TMSCarrierCode</ExtendedDataType>
		</AxTableField>
		<AxTableField xmlns=""
			i:type="AxTableFieldString">
			<Name>ZKLabelType</Name>
			<ExtendedDataType>ZKLabelType</ExtendedDataType>
		</AxTableField>
		<AxTableField xmlns=""
			i:type="AxTableFieldEnum">
			<Name>Supported</Name>
			<EnumType>NoYes</EnumType>
		</AxTableField>
		<AxTableField xmlns=""
			i:type="AxTableFieldEnum">
			<Name>ZKIsDefault</Name>
			<Label>Is default</Label>
			<EnumType>NoYes</EnumType>
		</AxTableField>
	</Fields>
	<FullTextIndexes />
	<Indexes />
	<Mappings />
	<Relations>
		<AxTableRelation>
			<Name>TMSCarrier</Name>
			<Cardinality>ZeroOne</Cardinality>
			<OnDelete>Cascade</OnDelete>
			<RelatedTable>TMSCarrier</RelatedTable>
			<RelatedTableCardinality>ExactlyOne</RelatedTableCardinality>
			<RelationshipType>Composition</RelationshipType>
			<Constraints>
				<AxTableRelationConstraint xmlns=""
					i:type="AxTableRelationConstraintField">
					<Name>ZKCarrierCode</Name>
					<SourceEDT>TMSCarrierCode</SourceEDT>
					<Field>ZKCarrierCode</Field>
					<RelatedField>CarrierCode</RelatedField>
				</AxTableRelationConstraint>
			</Constraints>
		</AxTableRelation>
		<AxTableRelation>
			<Name>ZKLabelTypes</Name>
			<Cardinality>ZeroMore</Cardinality>
			<RelatedTable>ZKLabelTypes</RelatedTable>
			<RelatedTableCardinality>ZeroOne</RelatedTableCardinality>
			<RelationshipType>Association</RelationshipType>
			<Constraints>
				<AxTableRelationConstraint xmlns=""
					i:type="AxTableRelationConstraintField">
					<Name>ZKLabelType</Name>
					<Field>ZKLabelType</Field>
					<RelatedField>ZKLabelType</RelatedField>
				</AxTableRelationConstraint>
			</Constraints>
		</AxTableRelation>
	</Relations>
	<StateMachines />
</AxTable>