<?xml version="1.0" encoding="utf-8"?>
<AxTable xmlns:i="http://www.w3.org/2001/XMLSchema-instance">
	<Name>ZKCarrierPackagingTypes</Name>
	<SourceCode>
		<Declaration><![CDATA[
public class ZKCarrierPackagingTypes extends common
{
}
]]></Declaration>
		<Methods>
			<Method>
				<Name>unsupport</Name>
				<Source><![CDATA[
    /// <summary>
    ///
    /// </summary>
    public static void unsupport(TMSCarrierCode carrierCode)
    {
        ZKCarrierPackagingTypes carrierPackagingTypes;

        update_recordset carrierPackagingTypes
            setting ZKSupported = NoYes::No
            where
                carrierPackagingTypes.ZKCarrierCode == carrierCode;
    }

]]></Source>
			</Method>
			<Method>
				<Name>find</Name>
				<Source><![CDATA[
    /// <summary>
    ///
    /// </summary>
    public static ZKCarrierPackagingTypes find(ZKPackagingTypeCode _code, boolean _forUpdate = false)
    {
        ZKCarrierPackagingTypes carrierPackagingTypes;

        carrierPackagingTypes.selectForUpdate(_forUpdate);

        select firstonly carrierPackagingTypes
            where carrierPackagingTypes.ZKPackagingTypeCode == _code;

        return carrierPackagingTypes;
    }

]]></Source>
			</Method>
			<Method>
				<Name>EditIsDefault</Name>
				<Source><![CDATA[
    public edit NoYes EditIsDefault(boolean _set, NoYes _value)
    {
        if(_set)
        {
            ZKCarrierPackagingTypes updateRec;

            ttsbegin;

            if(_value == NoYes::Yes)
            {
                while select forupdate updateRec
                where
                    updateRec.ZKCarrierCode == this.ZKCarrierCode
                {
                    updateRec.ZKIsDefault = NoYes::No;
                    updateRec.update();
                }
            }
            this.ZKIsDefault = _value;
            this.update();

            ttscommit;
        }
        
        return this.ZKIsDefault;
    }

]]></Source>
			</Method>
			<Method>
				<Name>findDefault</Name>
				<Source><![CDATA[
    public static ZKCarrierPackagingTypes findDefault(
        TMSCarrierCode _carrierCode)
    {
        ZKCarrierPackagingTypes defaultRec;

        select firstonly defaultRec
            where
                defaultRec.ZKIsDefault == NoYes::Yes &&
                defaultRec.ZKSupported == NoYes::Yes &&
                defaultRec.ZKCarrierCode == _carrierCode;

        return defaultRec;
    }

]]></Source>
			</Method>
		</Methods>
	</SourceCode>
	<Label>@ZKSM:ZKSM0023</Label>
	<SubscriberAccessLevel>
		<Read>Allow</Read>
	</SubscriberAccessLevel>
	<DeleteActions />
	<FieldGroups>
		<AxTableFieldGroup>
			<Name>AutoReport</Name>
			<Fields />
		</AxTableFieldGroup>
		<AxTableFieldGroup>
			<Name>AutoLookup</Name>
			<Fields />
		</AxTableFieldGroup>
		<AxTableFieldGroup>
			<Name>AutoIdentification</Name>
			<AutoPopulate>Yes</AutoPopulate>
			<Fields />
		</AxTableFieldGroup>
		<AxTableFieldGroup>
			<Name>AutoSummary</Name>
			<Fields>
				<AxTableFieldGroupField>
					<DataField>ZKPackagingTypeName</DataField>
				</AxTableFieldGroupField>
				<AxTableFieldGroupField>
					<DataField>ZKCarrierCode</DataField>
				</AxTableFieldGroupField>
			</Fields>
		</AxTableFieldGroup>
		<AxTableFieldGroup>
			<Name>AutoBrowse</Name>
			<Fields />
		</AxTableFieldGroup>
		<AxTableFieldGroup>
			<Name>ZKCarrierOverview</Name>
			<Fields>
				<AxTableFieldGroupField>
					<DataField>ZKPackagingTypeName</DataField>
				</AxTableFieldGroupField>
				<AxTableFieldGroupField>
					<DataField>ZKPackagingTypeCode</DataField>
				</AxTableFieldGroupField>
				<AxTableFieldGroupField>
					<DataField>EditIsDefault</DataField>
				</AxTableFieldGroupField>
			</Fields>
		</AxTableFieldGroup>
	</FieldGroups>
	<Fields>
		<AxTableField xmlns=""
			i:type="AxTableFieldString">
			<Name>ZKCarrierCode</Name>
			<ExtendedDataType>TMSCarrierCode</ExtendedDataType>
		</AxTableField>
		<AxTableField xmlns=""
			i:type="AxTableFieldString">
			<Name>ZKPackagingTypeName</Name>
			<ExtendedDataType>ZKPackagingTypeName</ExtendedDataType>
		</AxTableField>
		<AxTableField xmlns=""
			i:type="AxTableFieldString">
			<Name>ZKPackagingTypeCode</Name>
			<ExtendedDataType>ZKPackagingTypeCode</ExtendedDataType>
		</AxTableField>
		<AxTableField xmlns=""
			i:type="AxTableFieldString">
			<Name>ZKSlug</Name>
			<ExtendedDataType>ZKSlug</ExtendedDataType>
		</AxTableField>
		<AxTableField xmlns=""
			i:type="AxTableFieldEnum">
			<Name>ZKSupported</Name>
			<EnumType>NoYes</EnumType>
		</AxTableField>
		<AxTableField xmlns=""
			i:type="AxTableFieldEnum">
			<Name>ZKIsDefault</Name>
			<Label>Is default</Label>
			<EnumType>NoYes</EnumType>
		</AxTableField>
	</Fields>
	<FullTextIndexes />
	<Indexes>
		<AxTableIndex>
			<Name>Idx</Name>
			<Fields>
				<AxTableIndexField>
					<DataField>ZKCarrierCode</DataField>
				</AxTableIndexField>
				<AxTableIndexField>
					<DataField>ZKSlug</DataField>
				</AxTableIndexField>
				<AxTableIndexField>
					<DataField>ZKPackagingTypeCode</DataField>
				</AxTableIndexField>
			</Fields>
		</AxTableIndex>
	</Indexes>
	<Mappings />
	<Relations>
		<AxTableRelation>
			<Name>TMSCarrier</Name>
			<Cardinality>ZeroOne</Cardinality>
			<OnDelete>Cascade</OnDelete>
			<RelatedTable>TMSCarrier</RelatedTable>
			<RelatedTableCardinality>ExactlyOne</RelatedTableCardinality>
			<RelationshipType>Composition</RelationshipType>
			<Constraints>
				<AxTableRelationConstraint xmlns=""
					i:type="AxTableRelationConstraintField">
					<Name>ZKCarrierCode</Name>
					<SourceEDT>TMSCarrierCode</SourceEDT>
					<Field>ZKCarrierCode</Field>
					<RelatedField>CarrierCode</RelatedField>
				</AxTableRelationConstraint>
			</Constraints>
		</AxTableRelation>
	</Relations>
	<StateMachines />
</AxTable>