<?xml version="1.0" encoding="utf-8"?>
<AxTable xmlns:i="http://www.w3.org/2001/XMLSchema-instance">
	<Name>ZKCarrierAuth</Name>
	<SourceCode>
		<Declaration><![CDATA[
public class ZKCarrierAuth extends common
{
}
]]></Declaration>
		<Methods>
			<Method>
				<Name>unsupport</Name>
				<Source><![CDATA[
    /// <summary>
    ///
    /// </summary>
    public static void unsupport(TMSCarrierCode carrierCode)
    {
        ZKCarrierAuth carrierAuth;

        update_recordset carrierAuth
            setting ZKSupported = NoYes::No
            where
                carrierAuth.ZKCarrierCode == carrierCode;
    }

]]></Source>
			</Method>
		</Methods>
	</SourceCode>
	<Label>@ZKSM:ZKSM0052</Label>
	<SubscriberAccessLevel>
		<Read>Allow</Read>
	</SubscriberAccessLevel>
	<DeleteActions />
	<FieldGroups>
		<AxTableFieldGroup>
			<Name>AutoReport</Name>
			<Fields />
		</AxTableFieldGroup>
		<AxTableFieldGroup>
			<Name>AutoLookup</Name>
			<Fields />
		</AxTableFieldGroup>
		<AxTableFieldGroup>
			<Name>AutoIdentification</Name>
			<AutoPopulate>Yes</AutoPopulate>
			<Fields />
		</AxTableFieldGroup>
		<AxTableFieldGroup>
			<Name>AutoSummary</Name>
			<Fields />
		</AxTableFieldGroup>
		<AxTableFieldGroup>
			<Name>AutoBrowse</Name>
			<Fields />
		</AxTableFieldGroup>
	</FieldGroups>
	<Fields>
		<AxTableField xmlns=""
			i:type="AxTableFieldString">
			<Name>ZKSlug</Name>
			<ExtendedDataType>ZKSlug</ExtendedDataType>
		</AxTableField>
		<AxTableField xmlns=""
			i:type="AxTableFieldString">
			<Name>ZKName</Name>
			<ExtendedDataType>ZKName</ExtendedDataType>
		</AxTableField>
		<AxTableField xmlns=""
			i:type="AxTableFieldString">
			<Name>ZKAuthType</Name>
			<ExtendedDataType>ZKAuthType</ExtendedDataType>
		</AxTableField>
		<AxTableField xmlns=""
			i:type="AxTableFieldEnum">
			<Name>ZKUI</Name>
			<Label>@ZKSM:ZKSM0038</Label>
			<EnumType>NoYes</EnumType>
		</AxTableField>
		<AxTableField xmlns=""
			i:type="AxTableFieldEnum">
			<Name>ZKRequired</Name>
			<Label>@ZKSM:ZKSM0039</Label>
			<EnumType>NoYes</EnumType>
		</AxTableField>
		<AxTableField xmlns=""
			i:type="AxTableFieldEnum">
			<Name>ZKSupported</Name>
			<EnumType>NoYes</EnumType>
		</AxTableField>
		<AxTableField xmlns=""
			i:type="AxTableFieldString">
			<Name>ZKCarrierCode</Name>
			<ExtendedDataType>TMSCarrierCode</ExtendedDataType>
		</AxTableField>
	</Fields>
	<FullTextIndexes />
	<Indexes>
		<AxTableIndex>
			<Name>Idx</Name>
			<Fields>
				<AxTableIndexField>
					<DataField>ZKCarrierCode</DataField>
				</AxTableIndexField>
				<AxTableIndexField>
					<DataField>ZKSlug</DataField>
				</AxTableIndexField>
			</Fields>
		</AxTableIndex>
	</Indexes>
	<Mappings />
	<Relations>
		<AxTableRelation>
			<Name>TMSCarrier</Name>
			<Cardinality>ZeroOne</Cardinality>
			<OnDelete>Cascade</OnDelete>
			<RelatedTable>TMSCarrier</RelatedTable>
			<RelatedTableCardinality>ExactlyOne</RelatedTableCardinality>
			<RelationshipType>Composition</RelationshipType>
			<Constraints>
				<AxTableRelationConstraint xmlns=""
					i:type="AxTableRelationConstraintField">
					<Name>ZKCarrierCode</Name>
					<SourceEDT>TMSCarrierCode</SourceEDT>
					<Field>ZKCarrierCode</Field>
					<RelatedField>CarrierCode</RelatedField>
				</AxTableRelationConstraint>
			</Constraints>
		</AxTableRelation>
	</Relations>
	<StateMachines />
</AxTable>