<?xml version="1.0" encoding="utf-8"?>
<AxTable xmlns:i="http://www.w3.org/2001/XMLSchema-instance">
	<Name>ZKLabelTypeSizes</Name>
	<SourceCode>
		<Declaration><![CDATA[
public class ZKLabelTypeSizes extends common
{
}
]]></Declaration>
		<Methods>
			<Method>
				<Name>findOrCreate</Name>
				<Source><![CDATA[
    /// <summary>
    ///
    /// </summary>
    public static RecId findOrCreate(
        TMSCarrierCode carrierCode, ZKLabelType labelType, ZKLabelSize labelSize)
    {
        ZKLabelTypeSizes labelTypeSize;

        select firstonly labelTypeSize
            where
                labelTypeSize.ZKCarrierCode == carrierCode &&
                labelTypeSize.ZKLabelType == labelType &&
                labelTypeSize.ZKLabelSize == labelSize;

        if(!labelTypeSize.RecId)
        {
            labelTypeSize.initValue();
            labelTypeSize.ZKCarrierCode = carrierCode;
            labelTypeSize.ZKLabelType = labelType;
            labelTypeSize.ZKLabelSize = labelSize;
            labelTypeSize.ZKSupported = NoYes::Yes;
            labelTypeSize.insert();
        }
        else
            return labelTypeSize.RecId;

        return ZKLabelTypeSizes::findOrCreate(carrierCode, labelType, labelSize);
    }

]]></Source>
			</Method>
			<Method>
				<Name>EditIsDefault</Name>
				<Source><![CDATA[
    public edit NoYes EditIsDefault(boolean _set, NoYes _value)
    {
        if(_set)
        {
            ZKLabelTypeSizes updateRec;

            ttsbegin;

            if(_value == NoYes::Yes)
            {
                while select forupdate updateRec
                where
                    updateRec.ZKCarrierCode == this.ZKCarrierCode &&
                    updateRec.ZKLabelType == this.ZKLabelType
                {
                    updateRec.ZKIsDefault = NoYes::No;
                    updateRec.update();
                }
            }
            this.ZKIsDefault = _value;
            this.update();

            ttscommit;
        }
        
        return this.ZKIsDefault;
    }

]]></Source>
			</Method>
			<Method>
				<Name>findDefault</Name>
				<Source><![CDATA[
    public static ZKLabelTypeSizes findDefault(
        TMSCarrierCode  _carrierCode,
        ZKLabelType     _labelType)
    {
        ZKLabelTypeSizes defaultRec;

        select firstonly defaultRec
            order by defaultRec.ZKIsDefault desc
            where
                //defaultRec.ZKIsDefault == NoYes::Yes &&
                defaultRec.ZKSupported == NoYes::Yes &&
                defaultRec.ZKCarrierCode == _carrierCode &&
                defaultRec.ZKLabelType == _labelType
            ;

        return defaultRec;
    }

]]></Source>
			</Method>
		</Methods>
	</SourceCode>
	<SubscriberAccessLevel>
		<Read>Allow</Read>
	</SubscriberAccessLevel>
	<DeleteActions />
	<FieldGroups>
		<AxTableFieldGroup>
			<Name>AutoReport</Name>
			<Fields />
		</AxTableFieldGroup>
		<AxTableFieldGroup>
			<Name>AutoLookup</Name>
			<Fields />
		</AxTableFieldGroup>
		<AxTableFieldGroup>
			<Name>AutoIdentification</Name>
			<AutoPopulate>Yes</AutoPopulate>
			<Fields />
		</AxTableFieldGroup>
		<AxTableFieldGroup>
			<Name>AutoSummary</Name>
			<Fields />
		</AxTableFieldGroup>
		<AxTableFieldGroup>
			<Name>AutoBrowse</Name>
			<Fields />
		</AxTableFieldGroup>
	</FieldGroups>
	<Fields>
		<AxTableField xmlns=""
			i:type="AxTableFieldString">
			<Name>ZKLabelType</Name>
			<ExtendedDataType>ZKLabelType</ExtendedDataType>
		</AxTableField>
		<AxTableField xmlns=""
			i:type="AxTableFieldString">
			<Name>ZKLabelSize</Name>
			<ExtendedDataType>ZKLabelSize</ExtendedDataType>
		</AxTableField>
		<AxTableField xmlns=""
			i:type="AxTableFieldString">
			<Name>ZKCarrierCode</Name>
			<ExtendedDataType>TMSCarrierCode</ExtendedDataType>
		</AxTableField>
		<AxTableField xmlns=""
			i:type="AxTableFieldEnum">
			<Name>ZKSupported</Name>
			<EnumType>NoYes</EnumType>
		</AxTableField>
		<AxTableField xmlns=""
			i:type="AxTableFieldEnum">
			<Name>ZKIsDefault</Name>
			<Label>Is default</Label>
			<EnumType>NoYes</EnumType>
		</AxTableField>
	</Fields>
	<FullTextIndexes />
	<Indexes />
	<Mappings />
	<Relations>
		<AxTableRelation>
			<Name>ZKLabelTypes</Name>
			<Cardinality>ZeroMore</Cardinality>
			<OnDelete>Cascade</OnDelete>
			<RelatedTable>ZKLabelTypes</RelatedTable>
			<RelatedTableCardinality>ZeroOne</RelatedTableCardinality>
			<RelationshipType>Aggregation</RelationshipType>
			<Constraints>
				<AxTableRelationConstraint xmlns=""
					i:type="AxTableRelationConstraintField">
					<Name>ZKLabelType</Name>
					<Field>ZKLabelType</Field>
					<RelatedField>ZKLabelType</RelatedField>
				</AxTableRelationConstraint>
			</Constraints>
		</AxTableRelation>
		<AxTableRelation xmlns=""
			i:type="AxTableRelationForeignKey">
			<Name>TMSCarrier</Name>
			<RelatedTable>TMSCarrier</RelatedTable>
			<Constraints>
				<AxTableRelationConstraint xmlns=""
					i:type="AxTableRelationConstraintField">
					<Name>ZKCarrierCode</Name>
					<Field>ZKCarrierCode</Field>
					<RelatedField>CarrierCode</RelatedField>
				</AxTableRelationConstraint>
			</Constraints>
		</AxTableRelation>
	</Relations>
	<StateMachines />
</AxTable>