<?xml version="1.0" encoding="utf-8"?>
<AxTable xmlns:i="http://www.w3.org/2001/XMLSchema-instance">
	<Name>ZKLabelTypes</Name>
	<SourceCode>
		<Declaration><![CDATA[
public class ZKLabelTypes extends common
{
}
]]></Declaration>
		<Methods>
			<Method>
				<Name>findOrCreate</Name>
				<Source><![CDATA[
    /// <summary>
    ///
    /// </summary>
    public static ZKLabelType findOrCreate(ZKLabelType labelType)
    {
        ZKLabelTypes labelTypes;

        select firstonly labelTypes
            where labelTypes.ZKLabelType == labelType;

        if(!labelTypes.RecId)
        {
            labelTypes.initValue();
            labelTypes.ZKLabelType = labelType;
            labelTypes.insert();
        }

        return labelTypes.ZKLabelType;
    }

]]></Source>
			</Method>
		</Methods>
	</SourceCode>
	<Label>@ZKSM:ZKSM0028</Label>
	<SubscriberAccessLevel>
		<Read>Allow</Read>
	</SubscriberAccessLevel>
	<DeleteActions />
	<FieldGroups>
		<AxTableFieldGroup>
			<Name>AutoReport</Name>
			<Fields />
		</AxTableFieldGroup>
		<AxTableFieldGroup>
			<Name>AutoLookup</Name>
			<Fields />
		</AxTableFieldGroup>
		<AxTableFieldGroup>
			<Name>AutoIdentification</Name>
			<AutoPopulate>Yes</AutoPopulate>
			<Fields />
		</AxTableFieldGroup>
		<AxTableFieldGroup>
			<Name>AutoSummary</Name>
			<Fields />
		</AxTableFieldGroup>
		<AxTableFieldGroup>
			<Name>AutoBrowse</Name>
			<Fields />
		</AxTableFieldGroup>
	</FieldGroups>
	<Fields>
		<AxTableField xmlns=""
			i:type="AxTableFieldString">
			<Name>ZKLabelType</Name>
			<ExtendedDataType>ZKLabelType</ExtendedDataType>
		</AxTableField>
	</Fields>
	<FullTextIndexes />
	<Indexes />
	<Mappings />
	<Relations />
	<StateMachines />
</AxTable>