<?xml version="1.0" encoding="utf-8"?>
<AxTable xmlns:i="http://www.w3.org/2001/XMLSchema-instance">
	<Name>ZKParameters</Name>
	<SourceCode>
		<Declaration><![CDATA[
public class ZKParameters extends common
{
}
]]></Declaration>
		<Methods>
			<Method>
				<Name>initParameters</Name>
				<Source><![CDATA[
    /// <summary>
    ///
    /// </summary>
    public static void initParameters()
    {
        ZKParameters parameters;

        select firstonly RecId from parameters;
        if(parameters.RecId)
            return;

        parameters.insert();
    }

]]></Source>
			</Method>
			<Method>
				<Name>getParameters</Name>
				<Source><![CDATA[
    /// <summary>
    ///
    /// </summary>
    public static ZKParameters getParameters()
    {
        ZKParameters parameters;

        select firstonly parameters;

        return parameters;
    }

]]></Source>
			</Method>
			<Method>
				<Name>IsTest</Name>
				<Source><![CDATA[
    /// <summary>
    ///
    /// </summary>
    public boolean IsTest()
    {
        if(this.ZKIsTest == NoYes::No)
            return false;
        else
            return true;
    }

]]></Source>
			</Method>
		</Methods>
	</SourceCode>
	<SubscriberAccessLevel>
		<Read>Allow</Read>
	</SubscriberAccessLevel>
	<DeleteActions />
	<FieldGroups>
		<AxTableFieldGroup>
			<Name>AutoReport</Name>
			<Fields />
		</AxTableFieldGroup>
		<AxTableFieldGroup>
			<Name>AutoLookup</Name>
			<Fields />
		</AxTableFieldGroup>
		<AxTableFieldGroup>
			<Name>AutoIdentification</Name>
			<AutoPopulate>Yes</AutoPopulate>
			<Fields />
		</AxTableFieldGroup>
		<AxTableFieldGroup>
			<Name>AutoSummary</Name>
			<Fields />
		</AxTableFieldGroup>
		<AxTableFieldGroup>
			<Name>AutoBrowse</Name>
			<Fields />
		</AxTableFieldGroup>
		<AxTableFieldGroup>
			<Name>DefaultAccountValue</Name>
			<Fields>
				<AxTableFieldGroupField>
					<DataField>DefaultCompany</DataField>
				</AxTableFieldGroupField>
			</Fields>
		</AxTableFieldGroup>
		<AxTableFieldGroup>
			<Name>DefaultCarrierParameters</Name>
			<Label>@ZKSM:ZKSM0032</Label>
			<Fields>
				<AxTableFieldGroupField>
					<DataField>DefaultMethodCode</DataField>
				</AxTableFieldGroupField>
			</Fields>
		</AxTableFieldGroup>
		<AxTableFieldGroup>
			<Name>AccountOverview</Name>
			<Label>@ZKSM:ZKSM0050</Label>
			<Fields>
				<AxTableFieldGroupField>
					<DataField>ZKCompany</DataField>
				</AxTableFieldGroupField>
				<AxTableFieldGroupField>
					<DataField>ZKEmail</DataField>
				</AxTableFieldGroupField>
				<AxTableFieldGroupField>
					<DataField>ZKAccountId</DataField>
				</AxTableFieldGroupField>
				<AxTableFieldGroupField>
					<DataField>ZKCreated</DataField>
				</AxTableFieldGroupField>
			</Fields>
		</AxTableFieldGroup>
	</FieldGroups>
	<Fields>
		<AxTableField xmlns=""
			i:type="AxTableFieldString">
			<Name>DefaultCompany</Name>
			<ExtendedDataType>ZKCompany</ExtendedDataType>
			<Mandatory>Yes</Mandatory>
		</AxTableField>
		<AxTableField xmlns=""
			i:type="AxTableFieldString">
			<Name>DefaultMethodCode</Name>
			<AssetClassification>Customer Content</AssetClassification>
			<ExtendedDataType>TMSMethodCode</ExtendedDataType>
			<Label>@ZKSM:ZKSM0031</Label>
		</AxTableField>
		<AxTableField xmlns=""
			i:type="AxTableFieldEnum">
			<Name>ZKCreated</Name>
			<AllowEdit>No</AllowEdit>
			<Label>@SYS12659</Label>
			<EnumType>NoYes</EnumType>
		</AxTableField>
		<AxTableField xmlns=""
			i:type="AxTableFieldInt64">
			<Name>ZKAccountId</Name>
			<AllowEdit>No</AllowEdit>
			<ExtendedDataType>ZKAccountId</ExtendedDataType>
			<Label>@ZKSM:ZKSM0012</Label>
		</AxTableField>
		<AxTableField xmlns=""
			i:type="AxTableFieldString">
			<Name>ZKEmail</Name>
			<ExtendedDataType>ZKEmail</ExtendedDataType>
			<Label>@ZKSM:ZKSM0011</Label>
		</AxTableField>
		<AxTableField xmlns=""
			i:type="AxTableFieldString">
			<Name>ZKCompany</Name>
			<Label>@ZKSM:ZKSM0013</Label>
		</AxTableField>
		<AxTableField xmlns=""
			i:type="AxTableFieldString">
			<Name>ZKAccountAPIKey</Name>
			<AllowEdit>No</AllowEdit>
			<ExtendedDataType>ZKAPIKey</ExtendedDataType>
			<Label>@ZKSM:ZKSM0003</Label>
		</AxTableField>
		<AxTableField xmlns=""
			i:type="AxTableFieldString">
			<Name>ZKSenderEmail</Name>
			<ExtendedDataType>ZKEmail</ExtendedDataType>
			<Label>Sender email</Label>
		</AxTableField>
		<AxTableField xmlns=""
			i:type="AxTableFieldString">
			<Name>ZKSenderPhone</Name>
			<ExtendedDataType>Phone</ExtendedDataType>
			<Label>Sender phone</Label>
		</AxTableField>
		<AxTableField xmlns=""
			i:type="AxTableFieldString">
			<Name>ZKMarkupCode</Name>
			<ExtendedDataType>MarkupCode</ExtendedDataType>
		</AxTableField>
		<AxTableField xmlns=""
			i:type="AxTableFieldEnum">
			<Name>ZKMarkupModule</Name>
			<EnumType>MarkupModuleType</EnumType>
		</AxTableField>
		<AxTableField xmlns=""
			i:type="AxTableFieldEnum">
			<Name>ZKIsTest</Name>
			<Label>Is test</Label>
			<EnumType>NoYes</EnumType>
		</AxTableField>
	</Fields>
	<FullTextIndexes />
	<Indexes />
	<Mappings />
	<Relations>
		<AxTableRelation>
			<Name>MarkupTable</Name>
			<Cardinality>ZeroMore</Cardinality>
			<RelatedTable>MarkupTable</RelatedTable>
			<RelatedTableCardinality>ZeroOne</RelatedTableCardinality>
			<RelationshipType>Association</RelationshipType>
			<Constraints>
				<AxTableRelationConstraint xmlns=""
					i:type="AxTableRelationConstraintField">
					<Name>ZKMarkupModule</Name>
					<Field>ZKMarkupModule</Field>
					<RelatedField>ModuleType</RelatedField>
				</AxTableRelationConstraint>
				<AxTableRelationConstraint xmlns=""
					i:type="AxTableRelationConstraintField">
					<Name>ZKMarkupCode</Name>
					<Field>ZKMarkupCode</Field>
					<RelatedField>MarkupCode</RelatedField>
				</AxTableRelationConstraint>
			</Constraints>
		</AxTableRelation>
		<AxTableRelation>
			<Name>TMSMethod</Name>
			<Cardinality>ExactlyOne</Cardinality>
			<OnDelete>Restricted</OnDelete>
			<RelatedTable>TMSMethod</RelatedTable>
			<RelatedTableCardinality>ExactlyOne</RelatedTableCardinality>
			<RelationshipType>Association</RelationshipType>
			<Constraints>
				<AxTableRelationConstraint xmlns=""
					i:type="AxTableRelationConstraintField">
					<Name>DefaultMethodCode</Name>
					<SourceEDT>TMSMethodCode</SourceEDT>
					<Field>DefaultMethodCode</Field>
					<RelatedField>MethodCode</RelatedField>
				</AxTableRelationConstraint>
			</Constraints>
		</AxTableRelation>
	</Relations>
	<StateMachines />
</AxTable>