<?xml version="1.0" encoding="utf-8"?>
<AxTable xmlns:i="http://www.w3.org/2001/XMLSchema-instance">
	<Name>ZKPackages</Name>
	<SourceCode>
		<Declaration><![CDATA[
public class ZKPackages extends common
{
}

]]></Declaration>
		<Methods>
			<Method>
				<Name>findRecId</Name>
				<Source><![CDATA[
    /// <summary>
    ///
    /// </summary>
    public static ZKPackages findRecId(ZKPackageRecId _recId, boolean _forUpdate = false)
    {
        ZKPackages table;

        table.selectForUpdate(_forUpdate);

        select firstonly table
            where table.RecId == _recId;

        return table;
    }

]]></Source>
			</Method>
		</Methods>
	</SourceCode>
	<SubscriberAccessLevel>
		<Read>Allow</Read>
	</SubscriberAccessLevel>
	<DeleteActions />
	<FieldGroups>
		<AxTableFieldGroup>
			<Name>AutoReport</Name>
			<Fields />
		</AxTableFieldGroup>
		<AxTableFieldGroup>
			<Name>AutoLookup</Name>
			<Fields />
		</AxTableFieldGroup>
		<AxTableFieldGroup>
			<Name>AutoIdentification</Name>
			<AutoPopulate>Yes</AutoPopulate>
			<Fields />
		</AxTableFieldGroup>
		<AxTableFieldGroup>
			<Name>AutoSummary</Name>
			<Fields />
		</AxTableFieldGroup>
		<AxTableFieldGroup>
			<Name>AutoBrowse</Name>
			<Fields />
		</AxTableFieldGroup>
		<AxTableFieldGroup>
			<Name>ZKRateGroup</Name>
			<Fields>
				<AxTableFieldGroupField>
					<DataField>ZKPackageWeight</DataField>
				</AxTableFieldGroupField>
				<AxTableFieldGroupField>
					<DataField>ZKPackageHeight</DataField>
				</AxTableFieldGroupField>
				<AxTableFieldGroupField>
					<DataField>ZKPackageLength</DataField>
				</AxTableFieldGroupField>
				<AxTableFieldGroupField>
					<DataField>ZKPackageWidth</DataField>
				</AxTableFieldGroupField>
			</Fields>
		</AxTableFieldGroup>
		<AxTableFieldGroup>
			<Name>ZKShipmentGroup</Name>
			<Fields>
				<AxTableFieldGroupField>
					<DataField>ZKPackageWeight</DataField>
				</AxTableFieldGroupField>
				<AxTableFieldGroupField>
					<DataField>ZKPackageHeight</DataField>
				</AxTableFieldGroupField>
				<AxTableFieldGroupField>
					<DataField>ZKPackageLength</DataField>
				</AxTableFieldGroupField>
				<AxTableFieldGroupField>
					<DataField>ZKPackageWidth</DataField>
				</AxTableFieldGroupField>
				<AxTableFieldGroupField>
					<DataField>ZKTrackingNumber</DataField>
				</AxTableFieldGroupField>
				<AxTableFieldGroupField>
					<DataField>ZKPackageValue</DataField>
				</AxTableFieldGroupField>
			</Fields>
		</AxTableFieldGroup>
	</FieldGroups>
	<Fields>
		<AxTableField xmlns=""
			i:type="AxTableFieldString">
			<Name>ZKTrackingNumber</Name>
			<ExtendedDataType>ZKTrackingNumber</ExtendedDataType>
		</AxTableField>
		<AxTableField xmlns=""
			i:type="AxTableFieldReal">
			<Name>ZKPackageWidth</Name>
			<ExtendedDataType>ZKPackageWidth</ExtendedDataType>
		</AxTableField>
		<AxTableField xmlns=""
			i:type="AxTableFieldReal">
			<Name>ZKPackageLength</Name>
			<ExtendedDataType>ZKPackageLength</ExtendedDataType>
		</AxTableField>
		<AxTableField xmlns=""
			i:type="AxTableFieldReal">
			<Name>ZKPackageHeight</Name>
			<ExtendedDataType>ZKPackageHeight</ExtendedDataType>
		</AxTableField>
		<AxTableField xmlns=""
			i:type="AxTableFieldReal">
			<Name>ZKPackageWeight</Name>
			<ExtendedDataType>ZKPackageWeight</ExtendedDataType>
		</AxTableField>
		<AxTableField xmlns=""
			i:type="AxTableFieldReal">
			<Name>ZKPackageValue</Name>
			<ExtendedDataType>ZKPackageValue</ExtendedDataType>
		</AxTableField>
		<AxTableField xmlns=""
			i:type="AxTableFieldString">
			<Name>ZKLabelType</Name>
			<ExtendedDataType>ZKLabelType</ExtendedDataType>
		</AxTableField>
		<AxTableField xmlns=""
			i:type="AxTableFieldString">
			<Name>ZKLabel</Name>
			<Label>@SYS25058</Label>
			<StringSize>200</StringSize>
		</AxTableField>
		<AxTableField xmlns=""
			i:type="AxTableFieldString">
			<Name>ZKShipmentId</Name>
			<ExtendedDataType>WMSShipmentId</ExtendedDataType>
		</AxTableField>
		<AxTableField xmlns=""
			i:type="AxTableFieldEnum">
			<Name>ZKTrackingStatus</Name>
			<EnumType>ZKTrackingStatus</EnumType>
		</AxTableField>
		<AxTableField xmlns=""
			i:type="AxTableFieldString">
			<Name>ZKErrorMessage</Name>
			<ExtendedDataType>ZKErrorMessage</ExtendedDataType>
		</AxTableField>
		<AxTableField xmlns=""
			i:type="AxTableFieldContainer">
			<Name>ZKLabelData</Name>
		</AxTableField>
		<AxTableField xmlns=""
			i:type="AxTableFieldString">
			<Name>ZKWHSShipmentId</Name>
			<AllowEdit>No</AllowEdit>
			<AssetClassification>Customer Content</AssetClassification>
			<ExtendedDataType>WHSShipmentId</ExtendedDataType>
			<Mandatory>Yes</Mandatory>
		</AxTableField>
		<AxTableField xmlns=""
			i:type="AxTableFieldInt64">
			<Name>ZKShipmentRecId</Name>
			<ExtendedDataType>ZKShipmentRecId</ExtendedDataType>
		</AxTableField>
	</Fields>
	<FullTextIndexes />
	<Indexes />
	<Mappings />
	<Relations>
		<AxTableRelation xmlns=""
			i:type="AxTableRelationForeignKey">
			<Name>ZKShipmentId</Name>
			<RelatedTable>WMSShipment</RelatedTable>
			<Constraints>
				<AxTableRelationConstraint xmlns=""
					i:type="AxTableRelationConstraintField">
					<Name>ZKShipmentId</Name>
					<Field>ZKShipmentId</Field>
					<RelatedField>shipmentId</RelatedField>
				</AxTableRelationConstraint>
			</Constraints>
		</AxTableRelation>
		<AxTableRelation xmlns=""
			i:type="AxTableRelationForeignKey">
			<Name>ZKWHSShipmentId</Name>
			<RelatedTable>WHSShipmentTable</RelatedTable>
			<Constraints>
				<AxTableRelationConstraint xmlns=""
					i:type="AxTableRelationConstraintField">
					<Name>ZKWHSShipmentId</Name>
					<Field>ZKWHSShipmentId</Field>
					<RelatedField>shipmentId</RelatedField>
				</AxTableRelationConstraint>
			</Constraints>
		</AxTableRelation>
		<AxTableRelation xmlns=""
			i:type="AxTableRelationForeignKey">
			<Name>ZKShipment</Name>
			<RelatedTable>ZKShipments</RelatedTable>
			<Constraints>
				<AxTableRelationConstraint xmlns=""
					i:type="AxTableRelationConstraintField">
					<Name>ZKShipmentRecId</Name>
					<Field>ZKShipmentRecId</Field>
					<RelatedField>RecId</RelatedField>
				</AxTableRelationConstraint>
			</Constraints>
			<Index>RecId</Index>
		</AxTableRelation>
	</Relations>
	<StateMachines />
</AxTable>