<?xml version="1.0" encoding="utf-8"?>
<AxTable xmlns:i="http://www.w3.org/2001/XMLSchema-instance">
	<Name>ZKRates</Name>
	<SourceCode>
		<Declaration><![CDATA[
public class ZKRates extends common
{
}
]]></Declaration>
		<Methods />
	</SourceCode>
	<SubscriberAccessLevel>
		<Read>Allow</Read>
	</SubscriberAccessLevel>
	<TableType>InMemory</TableType>
	<DeleteActions />
	<FieldGroups>
		<AxTableFieldGroup>
			<Name>AutoReport</Name>
			<Fields />
		</AxTableFieldGroup>
		<AxTableFieldGroup>
			<Name>AutoLookup</Name>
			<Fields />
		</AxTableFieldGroup>
		<AxTableFieldGroup>
			<Name>AutoIdentification</Name>
			<AutoPopulate>Yes</AutoPopulate>
			<Fields />
		</AxTableFieldGroup>
		<AxTableFieldGroup>
			<Name>AutoSummary</Name>
			<Fields />
		</AxTableFieldGroup>
		<AxTableFieldGroup>
			<Name>AutoBrowse</Name>
			<Fields />
		</AxTableFieldGroup>
		<AxTableFieldGroup>
			<Name>Overview</Name>
			<Fields>
				<AxTableFieldGroupField>
					<DataField>ZKTotalCost</DataField>
				</AxTableFieldGroupField>
				<AxTableFieldGroupField>
					<DataField>ZKCarrierCode</DataField>
				</AxTableFieldGroupField>
				<AxTableFieldGroupField>
					<DataField>ZKServiceType</DataField>
				</AxTableFieldGroupField>
				<AxTableFieldGroupField>
					<DataField>ZKName</DataField>
				</AxTableFieldGroupField>
				<AxTableFieldGroupField>
					<DataField>CurrencyCode</DataField>
				</AxTableFieldGroupField>
				<AxTableFieldGroupField>
					<DataField>ZKDeliveryDay</DataField>
				</AxTableFieldGroupField>
			</Fields>
		</AxTableFieldGroup>
	</FieldGroups>
	<Fields>
		<AxTableField xmlns=""
			i:type="AxTableFieldString">
			<Name>ZKCarrierCode</Name>
			<ExtendedDataType>ZKCarrierCode</ExtendedDataType>
		</AxTableField>
		<AxTableField xmlns=""
			i:type="AxTableFieldString">
			<Name>ZKServiceType</Name>
			<ExtendedDataType>ZKServiceType</ExtendedDataType>
		</AxTableField>
		<AxTableField xmlns=""
			i:type="AxTableFieldString">
			<Name>ZKName</Name>
			<ExtendedDataType>ZKName</ExtendedDataType>
		</AxTableField>
		<AxTableField xmlns=""
			i:type="AxTableFieldString">
			<Name>CurrencyCode</Name>
			<ExtendedDataType>CurrencyCode</ExtendedDataType>
		</AxTableField>
		<AxTableField xmlns=""
			i:type="AxTableFieldString">
			<Name>ZKDeliveryDay</Name>
			<ExtendedDataType>ZKDeliveryDay</ExtendedDataType>
		</AxTableField>
		<AxTableField xmlns=""
			i:type="AxTableFieldString">
			<Name>ZKTotalCost</Name>
			<ExtendedDataType>ZKTotalCost</ExtendedDataType>
		</AxTableField>
	</Fields>
	<FullTextIndexes />
	<Indexes />
	<Mappings />
	<Relations />
	<StateMachines />
</AxTable>