<?xml version="1.0" encoding="utf-8"?>
<AxTable xmlns:i="http://www.w3.org/2001/XMLSchema-instance">
	<Name>ZKShippingDocuments</Name>
	<SourceCode>
		<Declaration><![CDATA[
public class ZKShippingDocuments extends common
{
}
]]></Declaration>
		<Methods />
	</SourceCode>
	<Label>Shipping documents</Label>
	<SubscriberAccessLevel>
		<Read>Allow</Read>
	</SubscriberAccessLevel>
	<DeleteActions />
	<FieldGroups>
		<AxTableFieldGroup>
			<Name>AutoReport</Name>
			<Fields />
		</AxTableFieldGroup>
		<AxTableFieldGroup>
			<Name>AutoLookup</Name>
			<Fields />
		</AxTableFieldGroup>
		<AxTableFieldGroup>
			<Name>AutoIdentification</Name>
			<AutoPopulate>Yes</AutoPopulate>
			<Fields />
		</AxTableFieldGroup>
		<AxTableFieldGroup>
			<Name>AutoSummary</Name>
			<Fields />
		</AxTableFieldGroup>
		<AxTableFieldGroup>
			<Name>AutoBrowse</Name>
			<Fields />
		</AxTableFieldGroup>
	</FieldGroups>
	<Fields>
		<AxTableField xmlns=""
			i:type="AxTableFieldString">
			<Name>ZKDescription</Name>
			<ExtendedDataType>ZKDescription</ExtendedDataType>
		</AxTableField>
		<AxTableField xmlns=""
			i:type="AxTableFieldContainer">
			<Name>ZKDocumentData</Name>
		</AxTableField>
		<AxTableField xmlns=""
			i:type="AxTableFieldString">
			<Name>ZKDocument</Name>
			<ExtendedDataType>URL</ExtendedDataType>
			<Label>Document URL</Label>
		</AxTableField>
		<AxTableField xmlns=""
			i:type="AxTableFieldString">
			<Name>ZKDocumentType</Name>
			<ExtendedDataType>ZKDocumentType</ExtendedDataType>
		</AxTableField>
		<AxTableField xmlns=""
			i:type="AxTableFieldInt64">
			<Name>ZKShipmentRecId</Name>
			<ExtendedDataType>ZKShipmentRecId</ExtendedDataType>
		</AxTableField>
	</Fields>
	<FullTextIndexes />
	<Indexes />
	<Mappings />
	<Relations>
		<AxTableRelation xmlns=""
			i:type="AxTableRelationForeignKey">
			<Name>ZKShipments</Name>
			<RelatedTable>ZKShipments</RelatedTable>
			<Constraints>
				<AxTableRelationConstraint xmlns=""
					i:type="AxTableRelationConstraintField">
					<Name>ZKShipmentRecId</Name>
					<Field>ZKShipmentRecId</Field>
					<RelatedField>RecId</RelatedField>
				</AxTableRelationConstraint>
			</Constraints>
			<Index>RecId</Index>
		</AxTableRelation>
	</Relations>
	<StateMachines />
</AxTable>