<?xml version="1.0" encoding="utf-8"?>
<AxTable xmlns:i="http://www.w3.org/2001/XMLSchema-instance">
	<Name>ZKShippingAccount</Name>
	<SourceCode>
		<Declaration><![CDATA[
public class ZKShippingAccount extends common
{

}
]]></Declaration>
		<Methods>
			<Method>
				<Name>EditIsDefault</Name>
				<Source><![CDATA[
    public edit NoYes EditIsDefault(boolean _set, NoYes _value)
    {
        if(_set)
        {
            ZKShippingAccount updateRec;

            ttsbegin;

            if(_value == NoYes::Yes)
            {
                while select forupdate updateRec
                where
                    updateRec.ZKCarrierCode == this.ZKCarrierCode &&
                    updateRec.ZKCountryId == this.ZKCountryId
                {
                    updateRec.ZKIsDefault = NoYes::No;
                    updateRec.update();
                }
            }
            this.ZKIsDefault = _value;
            this.update();

            ttscommit;
        }

        return this.ZKIsDefault;
    }

]]></Source>
			</Method>
			<Method>
				<Name>findDefault</Name>
				<Source><![CDATA[
    public static ZKShippingAccount findDefault(
        TMSCarrierCode _carrierCode,
        LogisticsAddressCountryRegionId _countryId)
    {
        ZKShippingAccount defaultRec;

        select firstonly defaultRec
            where
                defaultRec.ZKIsDefault == NoYes::Yes &&
                defaultRec.ZKCarrierCode == _carrierCode &&
                defaultRec.ZKCountryId == _countryId;

        return defaultRec;
    }

]]></Source>
			</Method>
		</Methods>
	</SourceCode>
	<SubscriberAccessLevel>
		<Read>Allow</Read>
	</SubscriberAccessLevel>
	<DeleteActions>
		<AxTableDeleteAction>
			<Name>DeleteAction1</Name>
			<DeleteAction>Cascade</DeleteAction>
			<Relation></Relation>
			<Table>ZKShippingAccountKeys</Table>
			<Tags></Tags>
		</AxTableDeleteAction>
	</DeleteActions>
	<FieldGroups>
		<AxTableFieldGroup>
			<Name>AutoReport</Name>
			<Fields />
		</AxTableFieldGroup>
		<AxTableFieldGroup>
			<Name>AutoLookup</Name>
			<Fields>
				<AxTableFieldGroupField>
					<DataField>ZKName</DataField>
				</AxTableFieldGroupField>
				<AxTableFieldGroupField>
					<DataField>ZKCarrierCode</DataField>
				</AxTableFieldGroupField>
			</Fields>
		</AxTableFieldGroup>
		<AxTableFieldGroup>
			<Name>AutoIdentification</Name>
			<AutoPopulate>Yes</AutoPopulate>
			<Fields />
		</AxTableFieldGroup>
		<AxTableFieldGroup>
			<Name>AutoSummary</Name>
			<Fields />
		</AxTableFieldGroup>
		<AxTableFieldGroup>
			<Name>AutoBrowse</Name>
			<Fields />
		</AxTableFieldGroup>
		<AxTableFieldGroup>
			<Name>ZKInit</Name>
			<Fields>
				<AxTableFieldGroupField>
					<DataField>ZKName</DataField>
				</AxTableFieldGroupField>
				<AxTableFieldGroupField>
					<DataField>ZKCarrierCode</DataField>
				</AxTableFieldGroupField>
				<AxTableFieldGroupField>
					<DataField>ZKCountryId</DataField>
				</AxTableFieldGroupField>
			</Fields>
		</AxTableFieldGroup>
		<AxTableFieldGroup>
			<Name>ZKOverview</Name>
			<Label>@ZKSM:ZKSM0050</Label>
			<Fields>
				<AxTableFieldGroupField>
					<DataField>ZKName</DataField>
				</AxTableFieldGroupField>
				<AxTableFieldGroupField>
					<DataField>ZKShippingAccountId</DataField>
				</AxTableFieldGroupField>
				<AxTableFieldGroupField>
					<DataField>ZKCarrierCode</DataField>
				</AxTableFieldGroupField>
				<AxTableFieldGroupField>
					<DataField>ZKDimUnits</DataField>
				</AxTableFieldGroupField>
				<AxTableFieldGroupField>
					<DataField>ZKCurrencyCode</DataField>
				</AxTableFieldGroupField>
				<AxTableFieldGroupField>
					<DataField>ZKWeightUnits</DataField>
				</AxTableFieldGroupField>
				<AxTableFieldGroupField>
					<DataField>ZKCountryId</DataField>
				</AxTableFieldGroupField>
				<AxTableFieldGroupField>
					<DataField>EditIsDefault</DataField>
				</AxTableFieldGroupField>
			</Fields>
		</AxTableFieldGroup>
		<AxTableFieldGroup>
			<Name>ZKAuthorization</Name>
			<Label>@ZKSM:ZKSM0049</Label>
			<Fields>
				<AxTableFieldGroupField>
					<DataField>ZKAccountNum</DataField>
				</AxTableFieldGroupField>
			</Fields>
		</AxTableFieldGroup>
	</FieldGroups>
	<Fields>
		<AxTableField xmlns=""
			i:type="AxTableFieldString">
			<Name>ZKName</Name>
			<ExtendedDataType>ZKShippingAccountName</ExtendedDataType>
		</AxTableField>
		<AxTableField xmlns=""
			i:type="AxTableFieldInt64">
			<Name>ZKShippingAccountId</Name>
			<AllowEdit>No</AllowEdit>
			<AllowEditOnCreate>No</AllowEditOnCreate>
			<ExtendedDataType>ZKShippingAccountId</ExtendedDataType>
		</AxTableField>
		<AxTableField xmlns=""
			i:type="AxTableFieldString">
			<Name>ZKCarrierCode</Name>
			<ExtendedDataType>TMSCarrierCode</ExtendedDataType>
		</AxTableField>
		<AxTableField xmlns=""
			i:type="AxTableFieldString">
			<Name>ZKDimUnits</Name>
			<AllowEdit>No</AllowEdit>
			<AllowEditOnCreate>No</AllowEditOnCreate>
			<ExtendedDataType>ZKDimUnits</ExtendedDataType>
		</AxTableField>
		<AxTableField xmlns=""
			i:type="AxTableFieldString">
			<Name>ZKCurrencyCode</Name>
			<AllowEdit>No</AllowEdit>
			<AllowEditOnCreate>No</AllowEditOnCreate>
			<ExtendedDataType>CurrencyCode</ExtendedDataType>
		</AxTableField>
		<AxTableField xmlns=""
			i:type="AxTableFieldString">
			<Name>ZKAccountNum</Name>
			<ExtendedDataType>ZKAccountNum</ExtendedDataType>
		</AxTableField>
		<AxTableField xmlns=""
			i:type="AxTableFieldString">
			<Name>ZKWeightUnits</Name>
			<AllowEdit>No</AllowEdit>
			<AllowEditOnCreate>No</AllowEditOnCreate>
			<ExtendedDataType>ZKWeightUnits</ExtendedDataType>
		</AxTableField>
		<AxTableField xmlns=""
			i:type="AxTableFieldEnum">
			<Name>ZKPosted</Name>
			<EnumType>NoYes</EnumType>
		</AxTableField>
		<AxTableField xmlns=""
			i:type="AxTableFieldString">
			<Name>ZKCreationMsg</Name>
			<Label>@SYS60279</Label>
			<StringSize>255</StringSize>
		</AxTableField>
		<AxTableField xmlns=""
			i:type="AxTableFieldString">
			<Name>ZKCountryId</Name>
			<AllowEdit>No</AllowEdit>
			<AssetClassification>Customer Content</AssetClassification>
			<ExtendedDataType>LogisticsAddressCountryRegionId</ExtendedDataType>
		</AxTableField>
		<AxTableField xmlns=""
			i:type="AxTableFieldEnum">
			<Name>ZKIsDefault</Name>
			<Label>Is default</Label>
			<EnumType>NoYes</EnumType>
		</AxTableField>
	</Fields>
	<FullTextIndexes />
	<Indexes>
		<AxTableIndex>
			<Name>Idx</Name>
			<Fields>
				<AxTableIndexField>
					<DataField>ZKName</DataField>
				</AxTableIndexField>
			</Fields>
		</AxTableIndex>
	</Indexes>
	<Mappings />
	<Relations>
		<AxTableRelation>
			<Name>TMSCarrier</Name>
			<Cardinality>ZeroOne</Cardinality>
			<OnDelete>Cascade</OnDelete>
			<RelatedTable>TMSCarrier</RelatedTable>
			<RelatedTableCardinality>ExactlyOne</RelatedTableCardinality>
			<RelationshipType>Composition</RelationshipType>
			<Constraints>
				<AxTableRelationConstraint xmlns=""
					i:type="AxTableRelationConstraintField">
					<Name>ZKCarrierCode</Name>
					<SourceEDT>TMSCarrierCode</SourceEDT>
					<Field>ZKCarrierCode</Field>
					<RelatedField>CarrierCode</RelatedField>
				</AxTableRelationConstraint>
			</Constraints>
		</AxTableRelation>
		<AxTableRelation xmlns=""
			i:type="AxTableRelationForeignKey">
			<Name>LogisticsAddressCountryRegion</Name>
			<Cardinality>ZeroOne</Cardinality>
			<RelatedTable>LogisticsAddressCountryRegion</RelatedTable>
			<RelatedTableCardinality>ExactlyOne</RelatedTableCardinality>
			<RelatedTableRole>LogisticsAddressCountryRegion</RelatedTableRole>
			<RelationshipType>Association</RelationshipType>
			<Role>TaxCountryRegionParameters</Role>
			<UseDefaultRoleNames>No</UseDefaultRoleNames>
			<Constraints>
				<AxTableRelationConstraint xmlns=""
					i:type="AxTableRelationConstraintField">
					<Name>ZKCountryId</Name>
					<SourceEDT>LogisticsAddressCountryRegionId</SourceEDT>
					<Field>ZKCountryId</Field>
					<RelatedField>CountryRegionId</RelatedField>
				</AxTableRelationConstraint>
			</Constraints>
			<Index>CountryRegionIdx</Index>
		</AxTableRelation>
	</Relations>
	<StateMachines />
</AxTable>