<?xml version="1.0" encoding="utf-8"?>
<AxTable xmlns:i="http://www.w3.org/2001/XMLSchema-instance">
	<Name>ZKShipmentsCopy</Name>
	<SourceCode>
		<Declaration><![CDATA[
public class ZKShipmentsCopy extends common
{
}

]]></Declaration>
		<Methods>
			<Method>
				<Name>findByBaseId</Name>
				<Source><![CDATA[
    public static ZKShipments findByBaseId(str _baseId, ZKShipmentModule _shipmentModule, boolean _forUpdate = false)
    {
        ZKShipments table;

        table.selectForUpdate(_forUpdate);

        select firstonly table
            where
                table.ZKBaseShipmentId == _baseId &&
                table.ZKShipmentModule == _shipmentModule;

        return table;
    }

]]></Source>
			</Method>
			<Method>
				<Name>findByRecId</Name>
				<Source><![CDATA[
    public static ZKShipments findByRecId(ZKShipmentRecId _recId, boolean _forUpdate = false)
    {
        ZKShipments table;

        table.selectForUpdate(_forUpdate);

        select firstonly table
            where
                table.RecId == _recId;

        return table;
    }

]]></Source>
			</Method>
		</Methods>
	</SourceCode>
	<SubscriberAccessLevel>
		<Read>Allow</Read>
	</SubscriberAccessLevel>
	<DeleteActions />
	<FieldGroups>
		<AxTableFieldGroup>
			<Name>AutoReport</Name>
			<Fields />
		</AxTableFieldGroup>
		<AxTableFieldGroup>
			<Name>AutoLookup</Name>
			<Fields />
		</AxTableFieldGroup>
		<AxTableFieldGroup>
			<Name>AutoIdentification</Name>
			<AutoPopulate>Yes</AutoPopulate>
			<Fields />
		</AxTableFieldGroup>
		<AxTableFieldGroup>
			<Name>AutoSummary</Name>
			<Fields />
		</AxTableFieldGroup>
		<AxTableFieldGroup>
			<Name>AutoBrowse</Name>
			<Fields />
		</AxTableFieldGroup>
	</FieldGroups>
	<Fields>
		<AxTableField xmlns=""
			i:type="AxTableFieldInt64">
			<Name>ZKMarkupTransRecId</Name>
			<ExtendedDataType>MarkupTransRefRecId</ExtendedDataType>
		</AxTableField>
		<AxTableField xmlns=""
			i:type="AxTableFieldString">
			<Name>ZKLabelType</Name>
			<ExtendedDataType>ZKLabelType</ExtendedDataType>
		</AxTableField>
		<AxTableField xmlns=""
			i:type="AxTableFieldString">
			<Name>ZKLabelSize</Name>
			<ExtendedDataType>ZKLabelSize</ExtendedDataType>
		</AxTableField>
		<AxTableField xmlns=""
			i:type="AxTableFieldDate">
			<Name>ZKShipDate</Name>
			<ExtendedDataType>ZKShipDate</ExtendedDataType>
		</AxTableField>
		<AxTableField xmlns=""
			i:type="AxTableFieldInt64">
			<Name>ZKShippingAccountId</Name>
			<ExtendedDataType>ZKShippingAccountId</ExtendedDataType>
		</AxTableField>
		<AxTableField xmlns=""
			i:type="AxTableFieldString">
			<Name>ZKTrackingNumber</Name>
			<ExtendedDataType>ZKTrackingNumber</ExtendedDataType>
		</AxTableField>
		<AxTableField xmlns=""
			i:type="AxTableFieldString">
			<Name>ZKType</Name>
			<Label>@SYS81228</Label>
			<StringSize>25</StringSize>
		</AxTableField>
		<AxTableField xmlns=""
			i:type="AxTableFieldString">
			<Name>ZKShipmentId</Name>
			<StringSize>150</StringSize>
		</AxTableField>
		<AxTableField xmlns=""
			i:type="AxTableFieldString">
			<Name>ZKBaseShipmentId</Name>
			<Label>Shipment Id</Label>
			<StringSize>150</StringSize>
		</AxTableField>
		<AxTableField xmlns=""
			i:type="AxTableFieldString">
			<Name>ZKPackagingTypeCode</Name>
			<ExtendedDataType>ZKPackagingTypeCode</ExtendedDataType>
		</AxTableField>
		<AxTableField xmlns=""
			i:type="AxTableFieldString">
			<Name>ZKCostCurrencyCode</Name>
			<ExtendedDataType>CurrencyCode</ExtendedDataType>
			<Label>Cost currency</Label>
		</AxTableField>
		<AxTableField xmlns=""
			i:type="AxTableFieldString">
			<Name>ZKCarrierCode</Name>
			<ExtendedDataType>TMSCarrierCode</ExtendedDataType>
		</AxTableField>
		<AxTableField xmlns=""
			i:type="AxTableFieldString">
			<Name>ZKCarrierServiceCode</Name>
			<ExtendedDataType>TMSCarrierServiceCode</ExtendedDataType>
		</AxTableField>
		<AxTableField xmlns=""
			i:type="AxTableFieldString">
			<Name>ZKCostAmountStr</Name>
			<ExtendedDataType>AmountString</ExtendedDataType>
			<Label>Cost</Label>
		</AxTableField>
		<AxTableField xmlns=""
			i:type="AxTableFieldEnum">
			<Name>ZKIsCanceled</Name>
			<Label>Is canceled</Label>
			<EnumType>NoYes</EnumType>
		</AxTableField>
		<AxTableField xmlns=""
			i:type="AxTableFieldString">
			<Name>ZKCancelMessage</Name>
			<Label>Cancel message</Label>
			<StringSize>100</StringSize>
		</AxTableField>
		<AxTableField xmlns=""
			i:type="AxTableFieldEnum">
			<Name>ZKShipmentModule</Name>
			<EnumType>ZKShipmentModule</EnumType>
		</AxTableField>
		<AxTableField xmlns=""
			i:type="AxTableFieldEnum">
			<Name>ZKTrackingStatus</Name>
			<EnumType>ZKTrackingStatus</EnumType>
		</AxTableField>
		<AxTableField xmlns=""
			i:type="AxTableFieldString">
			<Name>ZKErrorMessage</Name>
			<ExtendedDataType>ZKErrorMessage</ExtendedDataType>
		</AxTableField>
	</Fields>
	<FullTextIndexes />
	<Indexes />
	<Mappings />
	<Relations>
		<AxTableRelation>
			<Name>WMSShipmentRelation</Name>
			<RelatedTable>WMSShipment</RelatedTable>
			<Constraints>
				<AxTableRelationConstraint xmlns=""
					i:type="AxTableRelationConstraintFixed">
					<Name>ZKShipmentModule</Name>
					<Field>ZKShipmentModule</Field>
					<ValueStr>ZKShipmentModule::WMSShipment</ValueStr>
				</AxTableRelationConstraint>
				<AxTableRelationConstraint xmlns=""
					i:type="AxTableRelationConstraintField">
					<Name>ZKBaseShipmentId</Name>
					<Field>ZKBaseShipmentId</Field>
					<RelatedField>shipmentId</RelatedField>
				</AxTableRelationConstraint>
			</Constraints>
		</AxTableRelation>
		<AxTableRelation>
			<Name>WHSShipmentRelation</Name>
			<RelatedTable>WHSShipmentTable</RelatedTable>
			<Constraints>
				<AxTableRelationConstraint xmlns=""
					i:type="AxTableRelationConstraintFixed">
					<Name>ZKShipmentModule</Name>
					<Field>ZKShipmentModule</Field>
					<ValueStr>ZKShipmentModule::WHSShipmentTable</ValueStr>
				</AxTableRelationConstraint>
				<AxTableRelationConstraint xmlns=""
					i:type="AxTableRelationConstraintField">
					<Name>ZKBaseShipmentId</Name>
					<Field>ZKBaseShipmentId</Field>
					<RelatedField>ShipmentId</RelatedField>
				</AxTableRelationConstraint>
			</Constraints>
		</AxTableRelation>
		<AxTableRelation xmlns=""
			i:type="AxTableRelationForeignKey">
			<Name>ZKShippingAccount</Name>
			<RelatedTable>ZKShippingAccount</RelatedTable>
			<Constraints>
				<AxTableRelationConstraint xmlns=""
					i:type="AxTableRelationConstraintField">
					<Name>ZKShippingAccountId</Name>
					<Field>ZKShippingAccountId</Field>
					<RelatedField>RecId</RelatedField>
				</AxTableRelationConstraint>
			</Constraints>
			<Index>RecId</Index>
		</AxTableRelation>
		<AxTableRelation xmlns=""
			i:type="AxTableRelationForeignKey">
			<Name>ZKMarkupTrans</Name>
			<RelatedTable>MarkupTrans</RelatedTable>
			<Constraints>
				<AxTableRelationConstraint xmlns=""
					i:type="AxTableRelationConstraintField">
					<Name>ZKMarkupTransRecId</Name>
					<Field>ZKMarkupTransRecId</Field>
					<RelatedField>RecId</RelatedField>
				</AxTableRelationConstraint>
			</Constraints>
		</AxTableRelation>
	</Relations>
	<StateMachines />
</AxTable>