<?xml version="1.0" encoding="utf-8"?>
<AxTable xmlns:i="http://www.w3.org/2001/XMLSchema-instance">
	<Name>ZKShippingAccountKeys</Name>
	<SourceCode>
		<Declaration><![CDATA[
public class ZKShippingAccountKeys extends common
{
}
]]></Declaration>
		<Methods>
			<Method>
				<Name>getAccountNumber</Name>
				<Source><![CDATA[
    public static str getAccountNumber(RecId shippingAccountRecId)
    {
        ZKShippingAccountKeys keys;

        select firstonly ZKKey, ZKValue, ZKShippingAccount from keys
            where
                keys.ZKKey == "account_number" &&
                keys.ZKShippingAccount == shippingAccountRecId;
        
        return keys.ZKValue;
    }

]]></Source>
			</Method>
		</Methods>
	</SourceCode>
	<SubscriberAccessLevel>
		<Read>Allow</Read>
	</SubscriberAccessLevel>
	<DeleteActions />
	<FieldGroups>
		<AxTableFieldGroup>
			<Name>AutoReport</Name>
			<Fields />
		</AxTableFieldGroup>
		<AxTableFieldGroup>
			<Name>AutoLookup</Name>
			<Fields />
		</AxTableFieldGroup>
		<AxTableFieldGroup>
			<Name>AutoIdentification</Name>
			<AutoPopulate>Yes</AutoPopulate>
			<Fields />
		</AxTableFieldGroup>
		<AxTableFieldGroup>
			<Name>AutoSummary</Name>
			<Fields />
		</AxTableFieldGroup>
		<AxTableFieldGroup>
			<Name>AutoBrowse</Name>
			<Fields />
		</AxTableFieldGroup>
		<AxTableFieldGroup>
			<Name>Overview</Name>
			<Fields>
				<AxTableFieldGroupField>
					<DataField>ZKKey</DataField>
				</AxTableFieldGroupField>
				<AxTableFieldGroupField>
					<DataField>ZKValue</DataField>
				</AxTableFieldGroupField>
			</Fields>
		</AxTableFieldGroup>
	</FieldGroups>
	<Fields>
		<AxTableField xmlns=""
			i:type="AxTableFieldInt64">
			<Name>ZKShippingAccount</Name>
		</AxTableField>
		<AxTableField xmlns=""
			i:type="AxTableFieldString">
			<Name>ZKKey</Name>
			<Label>@SYS1232</Label>
			<StringSize>50</StringSize>
		</AxTableField>
		<AxTableField xmlns=""
			i:type="AxTableFieldString">
			<Name>ZKValue</Name>
			<Label>@SYS71361</Label>
			<StringSize>50</StringSize>
		</AxTableField>
		<AxTableField xmlns=""
			i:type="AxTableFieldString">
			<Name>ZKSlug</Name>
			<ExtendedDataType>ZKSlug</ExtendedDataType>
		</AxTableField>
	</Fields>
	<FullTextIndexes />
	<Indexes />
	<Mappings />
	<Relations>
		<AxTableRelation>
			<Name>ZKShippingAccount</Name>
			<RelatedTable>ZKShippingAccount</RelatedTable>
			<Constraints>
				<AxTableRelationConstraint xmlns=""
					i:type="AxTableRelationConstraintField">
					<Name>ZKShippingAccount</Name>
					<Field>ZKShippingAccount</Field>
					<RelatedField>RecId</RelatedField>
				</AxTableRelationConstraint>
			</Constraints>
		</AxTableRelation>
	</Relations>
	<StateMachines />
</AxTable>