<?xml version="1.0" encoding="utf-8"?>
<AxTable xmlns:i="http://www.w3.org/2001/XMLSchema-instance">
	<Name>ZKTracksCheckPoints</Name>
	<SourceCode>
		<Declaration><![CDATA[
public class ZKTracksCheckPoints extends common
{
}
]]></Declaration>
		<Methods />
	</SourceCode>
	<SubscriberAccessLevel>
		<Read>Allow</Read>
	</SubscriberAccessLevel>
	<DeleteActions />
	<FieldGroups>
		<AxTableFieldGroup>
			<Name>AutoReport</Name>
			<Fields />
		</AxTableFieldGroup>
		<AxTableFieldGroup>
			<Name>AutoLookup</Name>
			<Fields />
		</AxTableFieldGroup>
		<AxTableFieldGroup>
			<Name>AutoIdentification</Name>
			<AutoPopulate>Yes</AutoPopulate>
			<Fields />
		</AxTableFieldGroup>
		<AxTableFieldGroup>
			<Name>AutoSummary</Name>
			<Fields />
		</AxTableFieldGroup>
		<AxTableFieldGroup>
			<Name>AutoBrowse</Name>
			<Fields />
		</AxTableFieldGroup>
	</FieldGroups>
	<Fields>
		<AxTableField xmlns=""
			i:type="AxTableFieldString">
			<Name>ZKCarrierCode</Name>
			<ExtendedDataType>TMSCarrierCode</ExtendedDataType>
		</AxTableField>
		<AxTableField xmlns=""
			i:type="AxTableFieldString">
			<Name>ZKStatus</Name>
		</AxTableField>
		<AxTableField xmlns=""
			i:type="AxTableFieldString">
			<Name>ZKTrackingNumber</Name>
			<ExtendedDataType>ZKTrackingNumber</ExtendedDataType>
		</AxTableField>
		<AxTableField xmlns=""
			i:type="AxTableFieldString">
			<Name>ZKShipmentIdToRemove</Name>
			<ExtendedDataType>WMSShipmentId</ExtendedDataType>
		</AxTableField>
		<AxTableField xmlns=""
			i:type="AxTableFieldInt64">
			<Name>ZKPackageRecId</Name>
			<ExtendedDataType>ZKPackageRecId</ExtendedDataType>
		</AxTableField>
		<AxTableField xmlns=""
			i:type="AxTableFieldString">
			<Name>ZKDescription</Name>
			<Label>Description</Label>
		</AxTableField>
		<AxTableField xmlns=""
			i:type="AxTableFieldString">
			<Name>ZKSignedBy</Name>
			<Label>Signed by</Label>
			<StringSize>25</StringSize>
		</AxTableField>
		<AxTableField xmlns=""
			i:type="AxTableFieldString">
			<Name>ZKTime</Name>
			<StringSize>25</StringSize>
		</AxTableField>
		<AxTableField xmlns=""
			i:type="AxTableFieldString">
			<Name>ZKCity</Name>
			<Label>City</Label>
		</AxTableField>
		<AxTableField xmlns=""
			i:type="AxTableFieldString">
			<Name>ZKCountry</Name>
			<Label>Country</Label>
		</AxTableField>
		<AxTableField xmlns=""
			i:type="AxTableFieldString">
			<Name>ZKState</Name>
			<Label>State</Label>
		</AxTableField>
		<AxTableField xmlns=""
			i:type="AxTableFieldInt64">
			<Name>ZKShipmentRecId</Name>
			<ExtendedDataType>ZKShipmentRecId</ExtendedDataType>
		</AxTableField>
	</Fields>
	<FullTextIndexes />
	<Indexes />
	<Mappings />
	<Relations>
		<AxTableRelation xmlns=""
			i:type="AxTableRelationForeignKey">
			<Name>ZKPackages</Name>
			<RelatedTable>ZKPackages</RelatedTable>
			<Constraints>
				<AxTableRelationConstraint xmlns=""
					i:type="AxTableRelationConstraintField">
					<Name>ZKPackageRecId</Name>
					<Field>ZKPackageRecId</Field>
					<RelatedField>RecId</RelatedField>
				</AxTableRelationConstraint>
			</Constraints>
			<Index>RecId</Index>
		</AxTableRelation>
		<AxTableRelation xmlns=""
			i:type="AxTableRelationForeignKey">
			<Name>ZKShipments</Name>
			<RelatedTable>ZKShipments</RelatedTable>
			<Constraints>
				<AxTableRelationConstraint xmlns=""
					i:type="AxTableRelationConstraintField">
					<Name>ZKShipmentRecId</Name>
					<Field>ZKShipmentRecId</Field>
					<RelatedField>RecId</RelatedField>
				</AxTableRelationConstraint>
			</Constraints>
			<Index>RecId</Index>
		</AxTableRelation>
	</Relations>
	<StateMachines />
</AxTable>