<?xml version="1.0" encoding="utf-8"?>
<AxSecurityPrivilege xmlns:i="http://www.w3.org/2001/XMLSchema-instance">
	<Name>ZKShippingServiceView</Name>
	<DataEntityPermissions />
	<DirectAccessPermissions />
	<EntryPoints>
		<AxSecurityEntryPointReference>
			<Name>ZKTrackingBatch</Name>
			<GrantCurrentData>
				<Read>Allow</Read>
			</GrantCurrentData>
			<ObjectName>ZKTrackingBatch</ObjectName>
			<ObjectType>MenuItemAction</ObjectType>
			<Forms />
		</AxSecurityEntryPointReference>
		<AxSecurityEntryPointReference>
			<Name>ZKPostAccount</Name>
			<GrantCurrentData>
				<Read>Allow</Read>
			</GrantCurrentData>
			<ObjectName>ZKPostAccount</ObjectName>
			<ObjectType>MenuItemAction</ObjectType>
			<Forms />
		</AxSecurityEntryPointReference>
		<AxSecurityEntryPointReference>
			<Name>ZKPostCancel</Name>
			<GrantCurrentData>
				<Read>Allow</Read>
			</GrantCurrentData>
			<ObjectName>ZKPostCancel</ObjectName>
			<ObjectType>MenuItemAction</ObjectType>
			<Forms />
		</AxSecurityEntryPointReference>
		<AxSecurityEntryPointReference>
			<Name>ZKPostShip</Name>
			<GrantCurrentData>
				<Read>Allow</Read>
			</GrantCurrentData>
			<ObjectName>ZKPostShip</ObjectName>
			<ObjectType>MenuItemAction</ObjectType>
			<Forms />
		</AxSecurityEntryPointReference>
		<AxSecurityEntryPointReference>
			<Name>ZKPostShipDirect</Name>
			<GrantCurrentData>
				<Read>Allow</Read>
			</GrantCurrentData>
			<ObjectName>ZKPostShipDirect</ObjectName>
			<ObjectType>MenuItemAction</ObjectType>
			<Forms />
		</AxSecurityEntryPointReference>
		<AxSecurityEntryPointReference>
			<Name>ZKPostShippingAccount</Name>
			<GrantCurrentData>
				<Read>Allow</Read>
			</GrantCurrentData>
			<ObjectName>ZKPostShippingAccount</ObjectName>
			<ObjectType>MenuItemAction</ObjectType>
			<Forms />
		</AxSecurityEntryPointReference>
		<AxSecurityEntryPointReference>
			<Name>ZKSyncCarrier</Name>
			<GrantCurrentData>
				<Read>Allow</Read>
			</GrantCurrentData>
			<ObjectName>ZKSyncCarrier</ObjectName>
			<ObjectType>MenuItemAction</ObjectType>
			<Forms />
		</AxSecurityEntryPointReference>
		<AxSecurityEntryPointReference>
			<Name>ZKSyncCarriers</Name>
			<GrantCurrentData>
				<Read>Allow</Read>
			</GrantCurrentData>
			<ObjectName>ZKSyncCarriers</ObjectName>
			<ObjectType>MenuItemAction</ObjectType>
			<Forms />
		</AxSecurityEntryPointReference>
		<AxSecurityEntryPointReference>
			<Name>ZKAddShippingAccount</Name>
			<GrantCurrentData>
				<Read>Allow</Read>
			</GrantCurrentData>
			<ObjectName>ZKAddShippingAccount</ObjectName>
			<ObjectType>MenuItemDisplay</ObjectType>
			<Forms>
				<AxSecurityEntryPointReferenceForm>
					<Name>ZKAddShippingAccount</Name>
					<Controls />
					<DataSources />
				</AxSecurityEntryPointReferenceForm>
			</Forms>
		</AxSecurityEntryPointReference>
		<AxSecurityEntryPointReference>
			<Name>ZKGetRatesDialog</Name>
			<GrantCurrentData>
				<Read>Allow</Read>
			</GrantCurrentData>
			<ObjectName>ZKGetRatesDialog</ObjectName>
			<ObjectType>MenuItemDisplay</ObjectType>
			<Forms>
				<AxSecurityEntryPointReferenceForm>
					<Name>ZKGetRatesDialog</Name>
					<Controls />
					<DataSources />
				</AxSecurityEntryPointReferenceForm>
			</Forms>
		</AxSecurityEntryPointReference>
		<AxSecurityEntryPointReference>
			<Name>ZKGetRatesList</Name>
			<GrantCurrentData>
				<Read>Allow</Read>
			</GrantCurrentData>
			<ObjectName>ZKGetRatesList</ObjectName>
			<ObjectType>MenuItemDisplay</ObjectType>
			<Forms>
				<AxSecurityEntryPointReferenceForm>
					<Name>ZKGetRatesList</Name>
					<Controls />
					<DataSources />
				</AxSecurityEntryPointReferenceForm>
			</Forms>
		</AxSecurityEntryPointReference>
		<AxSecurityEntryPointReference>
			<Name>ZKLabelTypes</Name>
			<GrantCurrentData>
				<Read>Allow</Read>
			</GrantCurrentData>
			<ObjectName>ZKLabelTypes</ObjectName>
			<ObjectType>MenuItemDisplay</ObjectType>
			<Forms>
				<AxSecurityEntryPointReferenceForm>
					<Name>ZKLabelTypes</Name>
					<Controls />
					<DataSources />
				</AxSecurityEntryPointReferenceForm>
			</Forms>
		</AxSecurityEntryPointReference>
		<AxSecurityEntryPointReference>
			<Name>ZKSetup</Name>
			<GrantCurrentData>
				<Read>Allow</Read>
			</GrantCurrentData>
			<ObjectName>ZKSetup</ObjectName>
			<ObjectType>MenuItemDisplay</ObjectType>
			<Forms>
				<AxSecurityEntryPointReferenceForm>
					<Name>ZKSetup</Name>
					<Controls />
					<DataSources />
				</AxSecurityEntryPointReferenceForm>
			</Forms>
		</AxSecurityEntryPointReference>
		<AxSecurityEntryPointReference>
			<Name>ZKShipmentDialogWMS</Name>
			<GrantCurrentData>
				<Read>Allow</Read>
			</GrantCurrentData>
			<ObjectName>ZKShipmentDialogWMS</ObjectName>
			<ObjectType>MenuItemDisplay</ObjectType>
			<Forms>
				<AxSecurityEntryPointReferenceForm>
					<Name>ZKShipmentDialog</Name>
					<Controls />
					<DataSources />
				</AxSecurityEntryPointReferenceForm>
			</Forms>
		</AxSecurityEntryPointReference>
	</EntryPoints>
	<FormControlOverrides />
</AxSecurityPrivilege>