<?xml version="1.0" encoding="utf-8"?>
<AxMenu xmlns:i="http://www.w3.org/2001/XMLSchema-instance" xmlns="Microsoft.Dynamics.AX.Metadata.V1">
	<Name>ZKShippingManagement</Name>
	<Label>@ZKSM:ZKSM0001</Label>
	<Elements>
		<AxMenuElement xmlns=""
			i:type="AxMenuElementSubMenu">
			<Name>Shipments</Name>
			<Label>@WAX428</Label>
			<Elements>
				<AxMenuElement xmlns=""
					i:type="AxMenuElementMenuItem">
					<Name>WMSShipment</Name>
					<MenuItemName>WMSShipment</MenuItemName>
				</AxMenuElement>
			</Elements>
		</AxMenuElement>
		<AxMenuElement xmlns=""
			i:type="AxMenuElementSubMenu">
			<Name>PeriodicTasks</Name>
			<Label>@SYS76406</Label>
			<Elements>
				<AxMenuElement xmlns=""
					i:type="AxMenuElementMenuItem">
					<Name>ZKSyncCarrier</Name>
					<MenuItemName>ZKSyncCarrier</MenuItemName>
					<MenuItemType>Action</MenuItemType>
				</AxMenuElement>
				<AxMenuElement xmlns=""
					i:type="AxMenuElementMenuItem">
					<Name>ZKTrackingBatch</Name>
					<MenuItemName>ZKTrackingBatch</MenuItemName>
					<MenuItemType>Action</MenuItemType>
				</AxMenuElement>
			</Elements>
		</AxMenuElement>
		<AxMenuElement xmlns=""
			i:type="AxMenuElementSubMenu">
			<Name>Setup</Name>
			<Label>@SYS333869</Label>
			<Elements>
				<AxMenuElement xmlns=""
					i:type="AxMenuElementMenuItem">
					<Name>ZKSetup</Name>
					<MenuItemName>ZKSetup</MenuItemName>
				</AxMenuElement>
				<AxMenuElement xmlns=""
					i:type="AxMenuElementMenuItem">
					<Name>ZKLabelTypes</Name>
					<MenuItemName>ZKLabelTypes</MenuItemName>
				</AxMenuElement>
				<AxMenuElement xmlns=""
					i:type="AxMenuElementSubMenu">
					<Name>Carriers</Name>
					<Label>@TRX:TMSMenuCarriersLabel</Label>
					<Elements>
						<AxMenuElement xmlns=""
							i:type="AxMenuElementMenuItem">
							<Name>TMSCarrier</Name>
							<MenuItemName>TMSCarrier</MenuItemName>
						</AxMenuElement>
						<AxMenuElement xmlns=""
							i:type="AxMenuElementMenuItem">
							<Name>TMSCarrierGroup</Name>
							<MenuItemName>TMSCarrierGroup</MenuItemName>
						</AxMenuElement>
					</Elements>
				</AxMenuElement>
			</Elements>
		</AxMenuElement>
	</Elements>
</AxMenu>