<?xml version="1.0" encoding="utf-8"?>
<AxEdt xmlns:i="http://www.w3.org/2001/XMLSchema-instance" xmlns=""
	i:type="AxEdtString">
	<Name>ZKPackagingTypeCode</Name>
	<Label>@SYS6908</Label>
	<ReferenceTable>ZKCarrierPackagingTypes</ReferenceTable>
	<ArrayElements />
	<Relations />
	<TableReferences>
		<AxEdtTableReference>
			<RelatedField>ZKPackagingTypeCode</RelatedField>
			<Table>ZKCarrierPackagingTypes</Table>
		</AxEdtTableReference>
	</TableReferences>
	<StringSize>100</StringSize>
</AxEdt>