<?xml version="1.0" encoding="utf-8"?>
<AxEdt xmlns:i="http://www.w3.org/2001/XMLSchema-instance" xmlns=""
	i:type="AxEdtInt64">
	<Name>ZKPostalAddressRecId</Name>
	<FormHelp>ZKLegalEntityAddressLookup</FormHelp>
	<Label>Sender address</Label>
	<ReferenceTable>LogisticsPostalAddress</ReferenceTable>
	<ArrayElements />
	<Relations />
	<TableReferences>
		<AxEdtTableReference>
			<RelatedField>RecId</RelatedField>
			<Table>LogisticsPostalAddress</Table>
		</AxEdtTableReference>
	</TableReferences>
</AxEdt>