<?xml version="1.0" encoding="utf-8"?>
<AxFormExtension xmlns:i="http://www.w3.org/2001/XMLSchema-instance" xmlns="Microsoft.Dynamics.AX.Metadata.V6">
	<Name>TMSCarrier.ZKShippingManagement</Name>
	<ControlModifications />
	<Controls>
		<AxFormExtensionControl xmlns="">
			<Name>FormExtensionControlexbr4pv01</Name>
			<FormControl xmlns=""
				i:type="AxFormStringControl">
				<Name>TMSCarrier_ZKCarrierCode</Name>
				<Type>String</Type>
				<FormControlExtension
					i:nil="true" />
				<DataField>ZKCarrierCode</DataField>
				<DataSource>TMSCarrier</DataSource>
			</FormControl>
			<Parent>DetailsHeader</Parent>
		</AxFormExtensionControl>
		<AxFormExtensionControl xmlns="">
			<Name>FormExtensionControlag5dy3dr1</Name>
			<FormControl xmlns=""
				i:type="AxFormTabPageControl">
				<Name>ZKCarrierPackagingTypes</Name>
				<Type>TabPage</Type>
				<FormControlExtension
					i:nil="true" />
				<Controls>
					<AxFormControl xmlns=""
						i:type="AxFormGroupControl">
						<Name>TMSCarrier_ZKDefaultDimension</Name>
						<Type>Group</Type>
						<FormControlExtension
							i:nil="true" />
						<Controls>
							<AxFormControl xmlns=""
								i:type="AxFormRealControl">
								<Name>TMSCarrier_ZKDefaultDimension_ZKDefaultPackageHeight</Name>
								<Type>Real</Type>
								<FormControlExtension
									i:nil="true" />
								<DataField>ZKDefaultPackageHeight</DataField>
								<DataSource>TMSCarrier</DataSource>
							</AxFormControl>
							<AxFormControl xmlns=""
								i:type="AxFormRealControl">
								<Name>TMSCarrier_ZKDefaultDimension_ZKDefaultPackageWidth</Name>
								<Type>Real</Type>
								<FormControlExtension
									i:nil="true" />
								<DataField>ZKDefaultPackageWidth</DataField>
								<DataSource>TMSCarrier</DataSource>
							</AxFormControl>
							<AxFormControl xmlns=""
								i:type="AxFormRealControl">
								<Name>TMSCarrier_ZKDefaultDimension_ZKDefaultPackageWeight</Name>
								<Type>Real</Type>
								<FormControlExtension
									i:nil="true" />
								<DataField>ZKDefaultPackageWeight</DataField>
								<DataSource>TMSCarrier</DataSource>
							</AxFormControl>
							<AxFormControl xmlns=""
								i:type="AxFormRealControl">
								<Name>TMSCarrier_ZKDefaultDimension_ZKDefaultPackageLength</Name>
								<Type>Real</Type>
								<FormControlExtension
									i:nil="true" />
								<DataField>ZKDefaultPackageLength</DataField>
								<DataSource>TMSCarrier</DataSource>
							</AxFormControl>
							<AxFormControl xmlns=""
								i:type="AxFormRealControl">
								<Name>TMSCarrier_ZKDefaultDimension_ZKDefaultPackageValue</Name>
								<Type>Real</Type>
								<FormControlExtension
									i:nil="true" />
								<DataField>ZKDefaultPackageValue</DataField>
								<DataSource>TMSCarrier</DataSource>
							</AxFormControl>
						</Controls>
						<ArrangeMethod>HorizontalRight</ArrangeMethod>
						<DataGroup>ZKDefaultPackageDimensions</DataGroup>
						<DataSource>TMSCarrier</DataSource>
					</AxFormControl>
					<AxFormControl xmlns=""
						i:type="AxFormActionPaneControl">
						<Name>ZKPackagingTypesActionPane</Name>
						<Enabled>No</Enabled>
						<Type>ActionPane</Type>
						<FormControlExtension
							i:nil="true" />
						<Controls>
							<AxFormControl xmlns=""
								i:type="AxFormButtonGroupControl">
								<Name>ZKPackagingTypesRecordBasics</Name>
								<HeightMode>Auto</HeightMode>
								<Type>ButtonGroup</Type>
								<WidthMode>Auto</WidthMode>
								<FormControlExtension
									i:nil="true" />
								<Controls>
									<AxFormControl xmlns=""
										i:type="AxFormCommandButtonControl">
										<Name>ZKPackagingTypesNewButton</Name>
										<HeightMode>Auto</HeightMode>
										<Type>CommandButton</Type>
										<WidthMode>Auto</WidthMode>
										<FormControlExtension
											i:nil="true" />
										<ButtonDisplay>TextWithImageLeft</ButtonDisplay>
										<Command>New</Command>
										<NormalImage>New</NormalImage>
									</AxFormControl>
									<AxFormControl xmlns=""
										i:type="AxFormCommandButtonControl">
										<Name>ZKPackagingTypesDeleteButton</Name>
										<HeightMode>Auto</HeightMode>
										<Type>CommandButton</Type>
										<WidthMode>Auto</WidthMode>
										<FormControlExtension
											i:nil="true" />
										<ButtonDisplay>TextWithImageLeft</ButtonDisplay>
										<Command>DeleteRecord</Command>
										<NormalImage>Delete</NormalImage>
										<SaveRecord>No</SaveRecord>
									</AxFormControl>
								</Controls>
								<DataSource>ZKCarrierPackagingTypes</DataSource>
							</AxFormControl>
						</Controls>
						<DataSource>ZKCarrierPackagingTypes</DataSource>
						<Style>Strip</Style>
					</AxFormControl>
					<AxFormControl xmlns=""
						i:type="AxFormGridControl">
						<Name>ZKPackagingTypesGrides</Name>
						<Type>Grid</Type>
						<FormControlExtension
							i:nil="true" />
						<Controls>
							<AxFormControl xmlns=""
								i:type="AxFormStringControl">
								<Name>ZKPackagingTypesGrides_ZKPackagingTypeName</Name>
								<AllowEdit>No</AllowEdit>
								<Type>String</Type>
								<FormControlExtension
									i:nil="true" />
								<DataField>ZKPackagingTypeName</DataField>
								<DataSource>ZKCarrierPackagingTypes</DataSource>
							</AxFormControl>
							<AxFormControl xmlns=""
								i:type="AxFormStringControl">
								<Name>ZKCarrierPackagingTypes_ZKPackagingTypeCode</Name>
								<AllowEdit>No</AllowEdit>
								<Type>String</Type>
								<FormControlExtension
									i:nil="true" />
								<DataField>ZKPackagingTypeCode</DataField>
								<DataSource>ZKCarrierPackagingTypes</DataSource>
							</AxFormControl>
							<AxFormControl xmlns=""
								i:type="AxFormCheckBoxControl">
								<Name>ZKCarrierPackagingTypes_ZKEditIsDefault</Name>
								<Type>CheckBox</Type>
								<FormControlExtension
									i:nil="true" />
								<DataMethod>EditIsDefault</DataMethod>
								<DataSource>ZKCarrierPackagingTypes</DataSource>
								<Label>Is default</Label>
							</AxFormControl>
						</Controls>
						<DataSource>ZKCarrierPackagingTypes</DataSource>
					</AxFormControl>
				</Controls>
				<Caption>@ZKSM:ZKSM0023</Caption>
			</FormControl>
			<Parent>DetailsTab</Parent>
		</AxFormExtensionControl>
		<AxFormExtensionControl xmlns="">
			<Name>FormExtensionControlppgha3eq1</Name>
			<FormControl xmlns=""
				i:type="AxFormTabPageControl">
				<Name>ZKCarrierLabelTypes</Name>
				<Type>TabPage</Type>
				<FormControlExtension
					i:nil="true" />
				<Controls>
					<AxFormControl xmlns=""
						i:type="AxFormActionPaneControl">
						<Name>ZKCarrierLabelTypesActionPane</Name>
						<Enabled>No</Enabled>
						<Type>ActionPane</Type>
						<FormControlExtension
							i:nil="true" />
						<Controls>
							<AxFormControl xmlns=""
								i:type="AxFormButtonGroupControl">
								<Name>ZKLabelTypesRecordBasics</Name>
								<HeightMode>Auto</HeightMode>
								<Type>ButtonGroup</Type>
								<WidthMode>Auto</WidthMode>
								<FormControlExtension
									i:nil="true" />
								<Controls>
									<AxFormControl xmlns=""
										i:type="AxFormCommandButtonControl">
										<Name>ZKCarrierLabelTypesNewButton</Name>
										<HeightMode>Auto</HeightMode>
										<Type>CommandButton</Type>
										<WidthMode>Auto</WidthMode>
										<FormControlExtension
											i:nil="true" />
										<ButtonDisplay>TextWithImageLeft</ButtonDisplay>
										<Command>New</Command>
										<NormalImage>New</NormalImage>
									</AxFormControl>
									<AxFormControl xmlns=""
										i:type="AxFormCommandButtonControl">
										<Name>ZKCarrierLabelTypesDeleteButton</Name>
										<HeightMode>Auto</HeightMode>
										<Type>CommandButton</Type>
										<WidthMode>Auto</WidthMode>
										<FormControlExtension
											i:nil="true" />
										<ButtonDisplay>TextWithImageLeft</ButtonDisplay>
										<Command>DeleteRecord</Command>
										<NormalImage>Delete</NormalImage>
										<SaveRecord>No</SaveRecord>
									</AxFormControl>
								</Controls>
								<DataSource>ZKCarrierLabelTypes</DataSource>
							</AxFormControl>
						</Controls>
						<DataSource>ZKCarrierLabelTypes</DataSource>
						<Style>Strip</Style>
					</AxFormControl>
					<AxFormControl xmlns=""
						i:type="AxFormGridControl">
						<Name>ZKCarrierLabelTpesGrid</Name>
						<Type>Grid</Type>
						<FormControlExtension
							i:nil="true" />
						<Controls>
							<AxFormControl xmlns=""
								i:type="AxFormStringControl">
								<Name>ZKCarrierLabelTpesGrid_ZKLabelType</Name>
								<AllowEdit>No</AllowEdit>
								<Type>String</Type>
								<FormControlExtension
									i:nil="true" />
								<DataField>ZKLabelType</DataField>
								<DataSource>ZKCarrierLabelTypes</DataSource>
							</AxFormControl>
							<AxFormControl xmlns=""
								i:type="AxFormCheckBoxControl">
								<Name>ZKCarrierLabelTpesGrid_ZKEditIsDefault</Name>
								<Type>CheckBox</Type>
								<FormControlExtension
									i:nil="true" />
								<DataMethod>EditIsDefault</DataMethod>
								<DataSource>ZKCarrierLabelTypes</DataSource>
								<Label>Is default</Label>
							</AxFormControl>
						</Controls>
						<DataSource>ZKCarrierLabelTypes</DataSource>
					</AxFormControl>
					<AxFormControl xmlns=""
						i:type="AxFormGridControl">
						<Name>ZKCarrierLabelSizesGrid</Name>
						<AllowEdit>No</AllowEdit>
						<HeightMode>Auto</HeightMode>
						<Type>Grid</Type>
						<WidthMode>Auto</WidthMode>
						<FormControlExtension
							i:nil="true" />
						<Controls>
							<AxFormControl xmlns=""
								i:type="AxFormStringControl">
								<Name>ZKLabelTypeSizes_LabelSize</Name>
								<AllowEdit>No</AllowEdit>
								<HeightMode>Auto</HeightMode>
								<Type>String</Type>
								<WidthMode>Auto</WidthMode>
								<FormControlExtension
									i:nil="true" />
								<DataField>ZKLabelSize</DataField>
								<DataSource>ZKLabelTypeSizes</DataSource>
							</AxFormControl>
							<AxFormControl xmlns=""
								i:type="AxFormCheckBoxControl">
								<Name>ZKLabelTypeSizes_ZKIsDefault</Name>
								<Type>CheckBox</Type>
								<FormControlExtension
									i:nil="true" />
								<DataField>ZKIsDefault</DataField>
								<DataSource>ZKLabelTypeSizes</DataSource>
							</AxFormControl>
						</Controls>
						<DataSource>ZKLabelTypeSizes</DataSource>
					</AxFormControl>
				</Controls>
				<Columns>2</Columns>
				<Caption>@ZKSM:ZKSM0028</Caption>
			</FormControl>
			<Parent>DetailsTab</Parent>
		</AxFormExtensionControl>
		<AxFormExtensionControl xmlns="">
			<Name>FormExtensionControlzluxcqaa1</Name>
			<FormControl xmlns=""
				i:type="AxFormTabPageControl">
				<Name>ZKCarrierAuth</Name>
				<Pattern>ToolbarList</Pattern>
				<PatternVersion>1.2</PatternVersion>
				<Type>TabPage</Type>
				<FormControlExtension
					i:nil="true" />
				<Controls>
					<AxFormControl xmlns=""
						i:type="AxFormActionPaneControl">
						<Name>ZKCarrierAuthActionPane</Name>
						<Enabled>No</Enabled>
						<Type>ActionPane</Type>
						<FormControlExtension
							i:nil="true" />
						<Controls>
							<AxFormControl xmlns=""
								i:type="AxFormButtonGroupControl">
								<Name>ZKLabelTypesRecordBasicsCopy1</Name>
								<HeightMode>Auto</HeightMode>
								<Type>ButtonGroup</Type>
								<WidthMode>Auto</WidthMode>
								<FormControlExtension
									i:nil="true" />
								<Controls>
									<AxFormControl xmlns=""
										i:type="AxFormCommandButtonControl">
										<Name>ZKCarrierLabelTypesNewButtonCopy1</Name>
										<HeightMode>Auto</HeightMode>
										<Type>CommandButton</Type>
										<WidthMode>Auto</WidthMode>
										<FormControlExtension
											i:nil="true" />
										<ButtonDisplay>TextWithImageLeft</ButtonDisplay>
										<Command>New</Command>
										<NormalImage>New</NormalImage>
									</AxFormControl>
									<AxFormControl xmlns=""
										i:type="AxFormCommandButtonControl">
										<Name>ZKCarrierLabelTypesDeleteButtonCopy1</Name>
										<HeightMode>Auto</HeightMode>
										<Type>CommandButton</Type>
										<WidthMode>Auto</WidthMode>
										<FormControlExtension
											i:nil="true" />
										<ButtonDisplay>TextWithImageLeft</ButtonDisplay>
										<Command>DeleteRecord</Command>
										<NormalImage>Delete</NormalImage>
										<SaveRecord>No</SaveRecord>
									</AxFormControl>
								</Controls>
								<DataSource>ZKCarrierAuth</DataSource>
							</AxFormControl>
						</Controls>
						<DataSource>ZKCarrierLabelTypes</DataSource>
						<Style>Strip</Style>
					</AxFormControl>
					<AxFormControl xmlns=""
						i:type="AxFormGridControl">
						<Name>ZKCarrierAuthGrid</Name>
						<AllowEdit>No</AllowEdit>
						<Type>Grid</Type>
						<FormControlExtension
							i:nil="true" />
						<Controls>
							<AxFormControl xmlns=""
								i:type="AxFormStringControl">
								<Name>ZKCarrierAuth_ZKAuthType</Name>
								<Type>String</Type>
								<FormControlExtension
									i:nil="true" />
								<DataField>ZKAuthType</DataField>
								<DataSource>ZKCarrierAuth</DataSource>
							</AxFormControl>
							<AxFormControl xmlns=""
								i:type="AxFormStringControl">
								<Name>ZKCarrierAuth_ZKName</Name>
								<Type>String</Type>
								<FormControlExtension
									i:nil="true" />
								<DataField>ZKName</DataField>
								<DataSource>ZKCarrierAuth</DataSource>
							</AxFormControl>
							<AxFormControl xmlns=""
								i:type="AxFormCheckBoxControl">
								<Name>ZKCarrierAuth_ZKRequired</Name>
								<Type>CheckBox</Type>
								<FormControlExtension
									i:nil="true" />
								<DataField>ZKRequired</DataField>
								<DataSource>ZKCarrierAuth</DataSource>
							</AxFormControl>
							<AxFormControl xmlns=""
								i:type="AxFormCheckBoxControl">
								<Name>ZKCarrierAuth_ZKUI</Name>
								<Type>CheckBox</Type>
								<FormControlExtension
									i:nil="true" />
								<DataField>ZKUI</DataField>
								<DataSource>ZKCarrierAuth</DataSource>
							</AxFormControl>
							<AxFormControl xmlns=""
								i:type="AxFormStringControl">
								<Name>ZKCarrierAuth_ZKSlug</Name>
								<Type>String</Type>
								<FormControlExtension
									i:nil="true" />
								<DataField>ZKSlug</DataField>
								<DataSource>ZKCarrierAuth</DataSource>
							</AxFormControl>
						</Controls>
						<DataSource>ZKCarrierAuth</DataSource>
					</AxFormControl>
				</Controls>
				<Caption>@ZKSM:ZKSM0052</Caption>
			</FormControl>
			<Parent>DetailsTab</Parent>
		</AxFormExtensionControl>
		<AxFormExtensionControl xmlns="">
			<Name>FormExtensionControlhanvtm2u1</Name>
			<FormControl xmlns=""
				i:type="AxFormTabPageControl">
				<Name>ZKCarrierReference</Name>
				<Type>TabPage</Type>
				<FormControlExtension
					i:nil="true" />
				<Controls>
					<AxFormControl xmlns=""
						i:type="AxFormActionPaneControl">
						<Name>ZKCarrierReferenceActionPane</Name>
						<Type>ActionPane</Type>
						<FormControlExtension
							i:nil="true" />
						<Controls>
							<AxFormControl xmlns=""
								i:type="AxFormButtonGroupControl">
								<Name>ZKCarrierReferenceRecordBasics</Name>
								<HeightMode>Auto</HeightMode>
								<Type>ButtonGroup</Type>
								<WidthMode>Auto</WidthMode>
								<FormControlExtension
									i:nil="true" />
								<Controls>
									<AxFormControl xmlns=""
										i:type="AxFormCommandButtonControl">
										<Name>ZKCarrierReferenceNewButton</Name>
										<HeightMode>Auto</HeightMode>
										<Type>CommandButton</Type>
										<WidthMode>Auto</WidthMode>
										<FormControlExtension
											i:nil="true" />
										<ButtonDisplay>TextWithImageLeft</ButtonDisplay>
										<Command>New</Command>
										<NormalImage>New</NormalImage>
									</AxFormControl>
									<AxFormControl xmlns=""
										i:type="AxFormCommandButtonControl">
										<Name>ZKCarrierReferenceDeleteButton</Name>
										<HeightMode>Auto</HeightMode>
										<Type>CommandButton</Type>
										<WidthMode>Auto</WidthMode>
										<FormControlExtension
											i:nil="true" />
										<ButtonDisplay>TextWithImageLeft</ButtonDisplay>
										<Command>DeleteRecord</Command>
										<NormalImage>Delete</NormalImage>
										<SaveRecord>No</SaveRecord>
									</AxFormControl>
								</Controls>
								<DataSource>ZKCarrierReferences</DataSource>
							</AxFormControl>
						</Controls>
						<DataSource>ZKCarrierReferences</DataSource>
						<Style>Strip</Style>
					</AxFormControl>
					<AxFormControl xmlns=""
						i:type="AxFormGridControl">
						<Name>ZKCarrierReferenceGrid</Name>
						<Type>Grid</Type>
						<FormControlExtension
							i:nil="true" />
						<Controls>
							<AxFormControl xmlns=""
								i:type="AxFormStringControl">
								<Name>ZKCarrierReferenceGrid_ZKCode</Name>
								<Type>String</Type>
								<FormControlExtension
									i:nil="true" />
								<DataField>ZKCode</DataField>
								<DataSource>ZKCarrierReferences</DataSource>
							</AxFormControl>
							<AxFormControl xmlns=""
								i:type="AxFormStringControl">
								<Name>ZKCarrierReferenceGrid_ZKName</Name>
								<Type>String</Type>
								<FormControlExtension
									i:nil="true" />
								<DataField>ZKName</DataField>
								<DataSource>ZKCarrierReferences</DataSource>
							</AxFormControl>
							<AxFormControl xmlns=""
								i:type="AxFormIntegerControl">
								<Name>ZKCarrierReferenceGrid_ZKSalesTableFieldId</Name>
								<Type>Integer</Type>
								<FormControlExtension
									i:nil="true" />
								<DataField>ZKSalesTableFieldId</DataField>
								<DataSource>ZKCarrierReferences</DataSource>
								<Label>@SYS28466</Label>
							</AxFormControl>
							<AxFormControl xmlns=""
								i:type="AxFormCheckBoxControl">
								<Name>ZKCarrierReferences_ZKUseInRequest</Name>
								<Type>CheckBox</Type>
								<FormControlExtension
									i:nil="true" />
								<DataField>ZKUseInRequest</DataField>
								<DataSource>ZKCarrierReferences</DataSource>
							</AxFormControl>
						</Controls>
						<DataSource>ZKCarrierReferences</DataSource>
					</AxFormControl>
				</Controls>
				<Caption>References</Caption>
			</FormControl>
			<Parent>DetailsTab</Parent>
		</AxFormExtensionControl>
		<AxFormExtensionControl xmlns="">
			<Name>FormExtensionControlffmm0f1o1</Name>
			<FormControl xmlns=""
				i:type="AxFormReferenceGroupControl">
				<Name>TMSCarrier_ZKPostalAddressRecId</Name>
				<Type>ReferenceGroup</Type>
				<FormControlExtension
					i:nil="true" />
				<Controls />
				<DataSource>TMSCarrier</DataSource>
				<ReferenceField>ZKPostalAddressRecId</ReferenceField>
			</FormControl>
			<Parent>Overview</Parent>
		</AxFormExtensionControl>
	</Controls>
	<DataSourceModifications />
	<DataSources>
		<AxFormDataSource xmlns="">
			<Name>ZKCarrierPackagingTypes</Name>
			<Table>ZKCarrierPackagingTypes</Table>
			<Fields>
				<AxFormDataSourceField>
					<DataField>CarrierCode</DataField>
				</AxFormDataSourceField>
				<AxFormDataSourceField>
					<DataField>DataAreaId</DataField>
				</AxFormDataSourceField>
				<AxFormDataSourceField>
					<DataField>Partition</DataField>
				</AxFormDataSourceField>
				<AxFormDataSourceField>
					<DataField>RecId</DataField>
				</AxFormDataSourceField>
				<AxFormDataSourceField>
					<DataField>TableId</DataField>
				</AxFormDataSourceField>
				<AxFormDataSourceField>
					<DataField>ZKPackagingTypeCode</DataField>
				</AxFormDataSourceField>
				<AxFormDataSourceField>
					<DataField>ZKPackagingTypeName</DataField>
				</AxFormDataSourceField>
			</Fields>
			<ReferencedDataSources />
			<JoinSource>TMSCarrier</JoinSource>
			<AllowCreate>No</AllowCreate>
			<AllowDelete>No</AllowDelete>
			<DataSourceLinks />
			<DerivedDataSources />
		</AxFormDataSource>
		<AxFormDataSource xmlns="">
			<Name>ZKCarrierLabelTypes</Name>
			<Table>ZKCarrierLabelTypes</Table>
			<Fields>
				<AxFormDataSourceField>
					<DataField>DataAreaId</DataField>
				</AxFormDataSourceField>
				<AxFormDataSourceField>
					<DataField>Partition</DataField>
				</AxFormDataSourceField>
				<AxFormDataSourceField>
					<DataField>RecId</DataField>
				</AxFormDataSourceField>
				<AxFormDataSourceField>
					<DataField>Supported</DataField>
				</AxFormDataSourceField>
				<AxFormDataSourceField>
					<DataField>TableId</DataField>
				</AxFormDataSourceField>
				<AxFormDataSourceField>
					<DataField>ZKCarrierCode</DataField>
				</AxFormDataSourceField>
				<AxFormDataSourceField>
					<DataField>ZKIsDefault</DataField>
				</AxFormDataSourceField>
				<AxFormDataSourceField>
					<DataField>ZKLabelType</DataField>
				</AxFormDataSourceField>
			</Fields>
			<ReferencedDataSources />
			<JoinSource>TMSCarrier</JoinSource>
			<AllowCreate>No</AllowCreate>
			<AllowDelete>No</AllowDelete>
			<DataSourceLinks />
			<DerivedDataSources />
		</AxFormDataSource>
		<AxFormDataSource xmlns="">
			<Name>ZKLabelTypeSizes</Name>
			<Table>ZKLabelTypeSizes</Table>
			<Fields>
				<AxFormDataSourceField>
					<DataField>DataAreaId</DataField>
				</AxFormDataSourceField>
				<AxFormDataSourceField>
					<DataField>Partition</DataField>
				</AxFormDataSourceField>
				<AxFormDataSourceField>
					<DataField>RecId</DataField>
				</AxFormDataSourceField>
				<AxFormDataSourceField>
					<DataField>TableId</DataField>
				</AxFormDataSourceField>
				<AxFormDataSourceField>
					<DataField>ZKCarrierCode</DataField>
				</AxFormDataSourceField>
				<AxFormDataSourceField>
					<DataField>ZKIsDefault</DataField>
				</AxFormDataSourceField>
				<AxFormDataSourceField>
					<DataField>ZKLabelSize</DataField>
				</AxFormDataSourceField>
				<AxFormDataSourceField>
					<DataField>ZKLabelType</DataField>
				</AxFormDataSourceField>
				<AxFormDataSourceField>
					<DataField>ZKSupported</DataField>
				</AxFormDataSourceField>
			</Fields>
			<ReferencedDataSources />
			<JoinSource>TMSCarrier</JoinSource>
			<AllowCreate>No</AllowCreate>
			<AllowDelete>No</AllowDelete>
			<DataSourceLinks />
			<DerivedDataSources />
		</AxFormDataSource>
		<AxFormDataSource xmlns="">
			<Name>ZKCarrierAuth</Name>
			<Table>ZKCarrierAuth</Table>
			<Fields>
				<AxFormDataSourceField>
					<DataField>DataAreaId</DataField>
				</AxFormDataSourceField>
				<AxFormDataSourceField>
					<DataField>Partition</DataField>
				</AxFormDataSourceField>
				<AxFormDataSourceField>
					<DataField>RecId</DataField>
				</AxFormDataSourceField>
				<AxFormDataSourceField>
					<DataField>TableId</DataField>
				</AxFormDataSourceField>
				<AxFormDataSourceField>
					<DataField>ZKAuthType</DataField>
				</AxFormDataSourceField>
				<AxFormDataSourceField>
					<DataField>ZKCarrierCode</DataField>
				</AxFormDataSourceField>
				<AxFormDataSourceField>
					<DataField>ZKName</DataField>
				</AxFormDataSourceField>
				<AxFormDataSourceField>
					<DataField>ZKRequired</DataField>
				</AxFormDataSourceField>
				<AxFormDataSourceField>
					<DataField>ZKSlug</DataField>
				</AxFormDataSourceField>
				<AxFormDataSourceField>
					<DataField>ZKSupported</DataField>
				</AxFormDataSourceField>
				<AxFormDataSourceField>
					<DataField>ZKUI</DataField>
				</AxFormDataSourceField>
			</Fields>
			<ReferencedDataSources />
			<JoinSource>TMSCarrier</JoinSource>
			<DataSourceLinks />
			<DerivedDataSources />
		</AxFormDataSource>
		<AxFormDataSource xmlns="">
			<Name>ZKCarrierReferences</Name>
			<Table>ZKCarrierReferences</Table>
			<Fields>
				<AxFormDataSourceField>
					<DataField>DataAreaId</DataField>
				</AxFormDataSourceField>
				<AxFormDataSourceField>
					<DataField>Partition</DataField>
				</AxFormDataSourceField>
				<AxFormDataSourceField>
					<DataField>RecId</DataField>
				</AxFormDataSourceField>
				<AxFormDataSourceField>
					<DataField>TableId</DataField>
				</AxFormDataSourceField>
				<AxFormDataSourceField>
					<DataField>ZKCarrierCode</DataField>
				</AxFormDataSourceField>
				<AxFormDataSourceField>
					<DataField>ZKCode</DataField>
				</AxFormDataSourceField>
				<AxFormDataSourceField>
					<DataField>ZKName</DataField>
				</AxFormDataSourceField>
				<AxFormDataSourceField>
					<DataField>ZKSalesTableFieldId</DataField>
				</AxFormDataSourceField>
				<AxFormDataSourceField>
					<DataField>ZKSlug</DataField>
				</AxFormDataSourceField>
				<AxFormDataSourceField>
					<DataField>ZKSupported</DataField>
				</AxFormDataSourceField>
				<AxFormDataSourceField>
					<DataField>ZKUseInRequest</DataField>
				</AxFormDataSourceField>
			</Fields>
			<ReferencedDataSources />
			<JoinSource>TMSCarrier</JoinSource>
			<DataSourceLinks />
			<DerivedDataSources />
		</AxFormDataSource>
	</DataSources>
	<Parts />
	<PropertyModifications />
</AxFormExtension>