<?xml version="1.0" encoding="utf-8"?>
<AxFormExtension xmlns:i="http://www.w3.org/2001/XMLSchema-instance" xmlns="Microsoft.Dynamics.AX.Metadata.V6">
	<Name>WHSLoadPlanningListPage.ZKShippingManagement</Name>
	<ControlModifications />
	<Controls>
		<AxFormExtensionControl xmlns="">
			<Name>FormExtensionControlm1j1xpc11</Name>
			<FormControl xmlns=""
				i:type="AxFormButtonGroupControl">
				<Name>ZKShipment</Name>
				<Type>ButtonGroup</Type>
				<FormControlExtension
					i:nil="true" />
				<Controls>
					<AxFormControl xmlns=""
						i:type="AxFormMenuFunctionButtonControl">
						<Name>ZKPostShipDirect</Name>
						<Type>MenuFunctionButton</Type>
						<FormControlExtension
							i:nil="true" />
						<DataSource>WHSLoadTable</DataSource>
						<MenuItemName>ZKPostShipDirectWHSLoadTable</MenuItemName>
						<MenuItemType>Action</MenuItemType>
						<NeedsRecord>Yes</NeedsRecord>
					</AxFormControl>
					<AxFormControl xmlns=""
						i:type="AxFormMenuFunctionButtonControl">
						<Name>ZKGetRatesDialog</Name>
						<HeightMode>Auto</HeightMode>
						<Type>MenuFunctionButton</Type>
						<WidthMode>Auto</WidthMode>
						<FormControlExtension
							i:nil="true" />
						<DataSource>WHSLoadTable</DataSource>
						<MenuItemName>ZKGetRatesDialogWHSLoadTable</MenuItemName>
						<MultiSelect>No</MultiSelect>
						<NeedsRecord>Yes</NeedsRecord>
					</AxFormControl>
					<AxFormControl xmlns=""
						i:type="AxFormMenuFunctionButtonControl">
						<Name>ZKShipmentDialog</Name>
						<Type>MenuFunctionButton</Type>
						<FormControlExtension
							i:nil="true" />
						<DataSource>WHSLoadTable</DataSource>
						<MenuItemName>ZKShipmentDialogWHSLoadTable</MenuItemName>
					</AxFormControl>
				</Controls>
				<Caption>Shipment</Caption>
			</FormControl>
			<Parent>ActionPaneTabLoads</Parent>
		</AxFormExtensionControl>
		<AxFormExtensionControl xmlns="">
			<Name>FormExtensionControllv351waj1</Name>
			<FormControl xmlns=""
				i:type="AxFormButtonGroupControl">
				<Name>ZKAction</Name>
				<Type>ButtonGroup</Type>
				<FormControlExtension
					i:nil="true" />
				<Controls>
					<AxFormControl xmlns=""
						i:type="AxFormMenuFunctionButtonControl">
						<Name>ZKPostCancel</Name>
						<Type>MenuFunctionButton</Type>
						<FormControlExtension
							i:nil="true" />
						<DataSource>WHSLoadTable</DataSource>
						<MenuItemName>ZKPostCancel</MenuItemName>
						<MenuItemType>Action</MenuItemType>
						<NeedsRecord>Yes</NeedsRecord>
					</AxFormControl>
					<AxFormControl xmlns=""
						i:type="AxFormButtonControl">
						<Name>SchedulePickup</Name>
						<Type>Button</Type>
						<FormControlExtension
							i:nil="true" />
						<Text>Schedule pickup</Text>
					</AxFormControl>
				</Controls>
				<Caption>Action</Caption>
			</FormControl>
			<Parent>ActionPaneTabLoads</Parent>
		</AxFormExtensionControl>
		<AxFormExtensionControl xmlns="">
			<Name>FormExtensionControljjlwrtov1</Name>
			<FormControl xmlns=""
				i:type="AxFormComboBoxControl">
				<Name>ZKShipments_ZKTrackingStatus</Name>
				<Type>ComboBox</Type>
				<FormControlExtension
					i:nil="true" />
				<DataField>ZKTrackingStatus</DataField>
				<DataSource>ZKShipments</DataSource>
				<Items />
			</FormControl>
			<Parent>Grid</Parent>
		</AxFormExtensionControl>
		<AxFormExtensionControl xmlns="">
			<Name>FormExtensionControl0cdou2ft1</Name>
			<FormControl xmlns=""
				i:type="AxFormStringControl">
				<Name>ZKShipments_ZKTrackingNumber</Name>
				<Type>String</Type>
				<FormControlExtension
					i:nil="true" />
				<DataField>ZKTrackingNumber</DataField>
				<DataSource>ZKShipments</DataSource>
			</FormControl>
			<Parent>Grid</Parent>
		</AxFormExtensionControl>
	</Controls>
	<DataSources>
		<AxFormDataSource xmlns="">
			<Name>ZKShipments</Name>
			<Table>ZKShipments</Table>
			<Fields>
				<AxFormDataSourceField>
					<DataField>DataAreaId</DataField>
				</AxFormDataSourceField>
				<AxFormDataSourceField>
					<DataField>Partition</DataField>
				</AxFormDataSourceField>
				<AxFormDataSourceField>
					<DataField>RecId</DataField>
				</AxFormDataSourceField>
				<AxFormDataSourceField>
					<DataField>TableId</DataField>
				</AxFormDataSourceField>
				<AxFormDataSourceField>
					<DataField>ZKBaseShipmentId</DataField>
				</AxFormDataSourceField>
				<AxFormDataSourceField>
					<DataField>ZKCancelMessage</DataField>
				</AxFormDataSourceField>
				<AxFormDataSourceField>
					<DataField>ZKCarrierCode</DataField>
				</AxFormDataSourceField>
				<AxFormDataSourceField>
					<DataField>ZKCarrierServiceCode</DataField>
				</AxFormDataSourceField>
				<AxFormDataSourceField>
					<DataField>ZKCostAmountStr</DataField>
				</AxFormDataSourceField>
				<AxFormDataSourceField>
					<DataField>ZKCostCurrencyCode</DataField>
				</AxFormDataSourceField>
				<AxFormDataSourceField>
					<DataField>ZKErrorMessage</DataField>
				</AxFormDataSourceField>
				<AxFormDataSourceField>
					<DataField>ZKIsCanceled</DataField>
				</AxFormDataSourceField>
				<AxFormDataSourceField>
					<DataField>ZKLabelSize</DataField>
				</AxFormDataSourceField>
				<AxFormDataSourceField>
					<DataField>ZKLabelType</DataField>
				</AxFormDataSourceField>
				<AxFormDataSourceField>
					<DataField>ZKMarkupTransRecId</DataField>
				</AxFormDataSourceField>
				<AxFormDataSourceField>
					<DataField>ZKPackagingTypeCode</DataField>
				</AxFormDataSourceField>
				<AxFormDataSourceField>
					<DataField>ZKShipDate</DataField>
				</AxFormDataSourceField>
				<AxFormDataSourceField>
					<DataField>ZKShipmentId</DataField>
				</AxFormDataSourceField>
				<AxFormDataSourceField>
					<DataField>ZKShipmentModule</DataField>
				</AxFormDataSourceField>
				<AxFormDataSourceField>
					<DataField>ZKShippingAccountId</DataField>
				</AxFormDataSourceField>
				<AxFormDataSourceField>
					<DataField>ZKTrackingNumber</DataField>
				</AxFormDataSourceField>
				<AxFormDataSourceField>
					<DataField>ZKTrackingStatus</DataField>
				</AxFormDataSourceField>
				<AxFormDataSourceField>
					<DataField>ZKType</DataField>
				</AxFormDataSourceField>
			</Fields>
			<ReferencedDataSources />
			<JoinSource>WHSLoadTable</JoinSource>
			<LinkType>OuterJoin</LinkType>
			<DataSourceLinks />
			<DerivedDataSources />
		</AxFormDataSource>
	</DataSources>
	<Parts />
	<PropertyModifications />
</AxFormExtension>