<?xml version="1.0" encoding="utf-8"?>
<HotfixInstallationInfo xmlns:xsi="http://www.w3.org/2001/XMLSchema-instance" xmlns:xsd="http://www.w3.org/2001/XMLSchema">
  <Name>a79877a8-2349-4b6e-a750-552966d7619b</Name>
  <Description>Deployable package created from visual studio</Description>
  <InstallationDateTime>0001-01-01T00:00:00</InstallationDateTime>
  <InstallationInfoFilePath>C:\Users\Adminb6008e655d\AppData\Local\Temp\tmp89D2.tmp\HotfixInstallationInfo.xml</InstallationInfoFilePath>
  <Version />
  <Publisher>Non-Microsoft</Publisher>
  <GeneratedFromAXMetadata>false</GeneratedFromAXMetadata>
  <Type>ApplicationPackage</Type>
  <IncludedDeployablePackages />
  <ServiceModelList />
  <OtherComponentList />
  <MetadataModuleRelease>Update23</MetadataModuleRelease>
  <MetadataModuleList>
    <string>zkshippingmanagement.7.0.5126.41335</string>
  </MetadataModuleList>
  <MetadataModelList />
  <PlatformReleaseDisplayName>Update23</PlatformReleaseDisplayName>
  <PlatformVersion>7.0.5126.41335</PlatformVersion>
  <IsCompatibleWithSealedRelease>true</IsCompatibleWithSealedRelease>
  <IsCompatibleWithApp81PlusRelease>true</IsCompatibleWithApp81PlusRelease>
  <AllComponentList>
    <ArrayOfString>
      <string>AX Module</string>
      <string>zkshippingmanagement.7.0.5126.41335</string>
    </ArrayOfString>
  </AllComponentList>
</HotfixInstallationInfo>