<?xml version="1.0" encoding="utf-8"?>
<AxClass xmlns:i="http://www.w3.org/2001/XMLSchema-instance">
	<Name>TMSCarrier_Form_Extension</Name>
	<SourceCode>
		<Declaration><![CDATA[
[ExtensionOf(formStr(TMSCarrier))]
public final class TMSCarrier_Form_Extension
{
    }
]]></Declaration>
		<Methods>
			<Method>
				<Name>ZKCarrierLabelTypes_OnSelectionChanged</Name>
				<Source><![CDATA[
        /// <summary>
    ///
    /// </summary>
    /// <param name="sender"></param>
    /// <param name="e"></param>
    [FormDataSourceEventHandler(formDataSourceStr(TMSCarrier, ZKCarrierLabelTypes), FormDataSourceEventType::SelectionChanged)]
    public static void ZKCarrierLabelTypes_OnSelectionChanged(FormDataSource sender, FormDataSourceEventArgs e)
    {
        sender.formRun().dataSource("ZKLabelTypeSizes").research();
    }

]]></Source>
			</Method>
			<Method>
				<Name>ZKLabelTypeSizes_OnQueryExecuting</Name>
				<Source><![CDATA[
    /// <summary>
    ///
    /// </summary>
    /// <param name="sender"></param>
    /// <param name="e"></param>
    [FormDataSourceEventHandler(formDataSourceStr(TMSCarrier, ZKLabelTypeSizes), FormDataSourceEventType::QueryExecuting)]
    public static void ZKLabelTypeSizes_OnQueryExecuting(FormDataSource sender, FormDataSourceEventArgs e)
    {
        ZKCarrierLabelTypes labelType = sender.formRun().dataSource("ZKCarrierLabelTypes").cursor() as ZKCarrierLabelTypes;

        sender
            .query()
            .dataSourceTable(tableNum(ZKLabelTypeSizes))
            .addRange(fieldNum(ZKLabelTypeSizes, ZKLabelType))
            .value(queryValue(labelType.ZKLabelType));
    }

]]></Source>
			</Method>
			<Method>
				<Name>ZKCarrierReferenceGrid_ZKSalesTableFieldId_OnLookup</Name>
				<Source><![CDATA[
    /// <summary>
    ///
    /// </summary>
    /// <param name="sender"></param>
    /// <param name="e"></param>
    [FormControlEventHandler(formControlStr(TMSCarrier, ZKCarrierReferenceGrid_ZKSalesTableFieldId), FormControlEventType::Lookup)]
    public static void ZKCarrierReferenceGrid_ZKSalesTableFieldId_OnLookup(FormControl sender, FormControlEventArgs e)
    {
        SysTableLookup              sysTableLookup;
        ZKTableFieldLookupTmp      tableFieldLookupTmp;

        DictTable  dictTable = new sysDictTable(tableNum(SalesTable));
        fieldId  fieldId = dictTable.fieldNext(0);
        dictField dictField;

        while(fieldId)
        {
            dictField = dictTable.fieldObject(fieldId);
           
            tableFieldLookupTmp.Name = dictField.name();
            tableFieldLookupTmp.Id = fieldId;
            tableFieldLookupTmp.insert();

            fieldId = dictTable.fieldNext(fieldId);
        }


        sysTableLookup = SysTableLookup::newParameters(tableNum(ZKTableFieldLookupTmp), sender);

        sysTableLookup.addLookupfield(fieldNum(ZKTableFieldLookupTmp, Id), true);
        sysTableLookup.addLookupfield(fieldNum(ZKTableFieldLookupTmp, Name));

        //BP Deviation documented
        sysTableLookup.parmTmpBuffer(tableFieldLookupTmp);
        sysTableLookup.performFormLookup();
    }

]]></Source>
			</Method>
			<Method>
				<Name>ZKCarrierPackagingTypes_ZKEditIsDefault_OnModified</Name>
				<Source><![CDATA[
    /// <summary>
    ///
    /// </summary>
    /// <param name="sender"></param>
    /// <param name="e"></param>
    [FormControlEventHandler(formControlStr(TMSCarrier, ZKCarrierPackagingTypes_ZKEditIsDefault), FormControlEventType::Modified)]
    public static void ZKCarrierPackagingTypes_ZKEditIsDefault_OnModified(FormControl sender, FormControlEventArgs e)
    {
        sender.formRun().dataSource().refresh();
        sender.formRun().dataSource().reread();
    }

]]></Source>
			</Method>
		</Methods>
	</SourceCode>
</AxClass>