<?xml version="1.0" encoding="utf-8"?>
<AxClass xmlns:i="http://www.w3.org/2001/XMLSchema-instance">
	<Name>ZKError</Name>
	<SourceCode>
		<Declaration><![CDATA[
public class ZKError extends ZKObject
{
    private ZKErrorMessage _message;

}
]]></Declaration>
		<Methods>
			<Method>
				<Name>Message</Name>
				<Source><![CDATA[
    public ZKErrorMessage Message(ZKErrorMessage message = _message)
    {
        _message = message;
        return _message;

    }

]]></Source>
			</Method>
		</Methods>
	</SourceCode>
</AxClass>