<?xml version="1.0" encoding="utf-8"?>
<AxClass xmlns:i="http://www.w3.org/2001/XMLSchema-instance">
	<Name>ZKPostShip</Name>
	<SourceCode>
		<Declaration><![CDATA[
using Zenkraft.FO.Services;

class ZKPostShip extends RunBase
{        
    private Object caller;
    private Header header;
    private ZKShipmentCore core;
    private ZKParameters param;
    private boolean isFormCaller = false;

}
]]></Declaration>
		<Methods>
			<Method>
				<Name>main</Name>
				<Source><![CDATA[
    /// <summary>
    /// Runs the class with the specified arguments.
    /// </summary>
    /// <param name = "_args">The specified arguments.</param>
    public static void main(Args _args)
    {     
        ZKPostShip postShip = new ZKPostShip(_args);
        postShip.run();
    }

]]></Source>
			</Method>
			<Method>
				<Name>new</Name>
				<Source><![CDATA[
    public void new(Args _args)
    {
        super();

        if(_args == null)
            return;

        caller = _args.caller();

        switch(_args.menuItemName())
        {
            case menuItemActionStr(ZKPostShipDirect):
                WMSShipment wmsShipmentTable = caller.dataSource().cursor() as WMSShipment;
                core = new ZKShipmentCore(wmsShipmentTable.shipmentId, ZKShipmentModule::WMSShipment);
                core.setDefaultPackageDimension();
                core.shipDate = wmsShipmentTable.RequestedShipDate;
                break;
            case menuItemActionStr(ZKPostShipDirectWHS):
                WHSShipmentTable whsShipmentTable = caller.dataSource().cursor() as WHSShipmentTable;
                core = new ZKShipmentCore(whsShipmentTable.shipmentId, ZKShipmentModule::WHSShipmentTable);
                core.setDefaultPackageDimension();
                core.shipDate = whsShipmentTable.dropOffDateTime();
                break;
            case menuItemActionStr(ZKPostShipDirectWHSLoadTable):
                WHSLoadTable whsLoadTable = caller.dataSource().cursor() as WHSLoadTable;
                core = new ZKShipmentCore(whsLoadTable.LoadId, ZKShipmentModule::WHSLoadTable);
                core.setDefaultPackageDimension();
                core.shipDate = whsLoadTable.loadSchedShipDate();
                break;
            default : 
                core = caller.getShipmentCore();
                isFormCaller = true;;
        }

        this.param = ZKParameters::getParameters();
        this.initHeader();
    }

]]></Source>
			</Method>
			<Method>
				<Name>run</Name>
				<Source><![CDATA[
    public void run()
    {
        this.callAPI();
    }

]]></Source>
			</Method>
			<Method>
				<Name>caption</Name>
				<Source><![CDATA[
    public ClassDescription caption()
    {
        return "Post shipment";
    }

]]></Source>
			</Method>
			<Method>
				<Name>description</Name>
				<Source><![CDATA[
    public static ClassDescription description()
    {
        return "Post Shipment";
    }

]]></Source>
			</Method>
			<Method>
				<Name>canRunInNewSession</Name>
				<Source><![CDATA[
    protected boolean canRunInNewSession()
    {
        return true;
    }

]]></Source>
			</Method>
			<Method>
				<Name>initHeader</Name>
				<Source><![CDATA[
    protected void initHeader()
    {
        Header hd = new Header();

        hd.URL = ZKSystemSettings::APIUrl;
        hd.zkKey = this.param.ZKAccountAPIKey;
        this.header = hd;
    }

]]></Source>
			</Method>
			<Method>
				<Name>callAPI</Name>
				<Source><![CDATA[
    private int callAPI()
    {
        ShipRequest     request = new ShipRequest();
        ShipResponse    response;
        RecId           costRecId;

        request.Shipment = core.getShipment();

        try
        {
            response = APIClient::PostShip(this.header, request);
            ZKAPILogs::Log("ship", request.ToJSON(), response.ToJSON());
        }
        catch
        {
            ZKAPILogs::Log("ship", request.ToJSON(), "Unknown error");
            return Error("Unknown error.");
        }

        if(response.Error != null)
            return Error(response.Error.Message);
        else if(response.WebError != null)
            return Error(response.WebError.ErrorMessage);

        if(response.Shipment.Costs != null)
            costRecId = this.updateCost(str2Num(response.Shipment.Costs.NetCharge), response.Shipment.Costs.Currency);
        
        this.updateShipmentDB(response.Shipment, costRecId);

        this.updateLabelData(core.shipmentId, core.moduleTable);
        this.updateShippingDocumentData(core.shipmentId, core.moduleTable);
        
        if(isFormCaller)
            caller.closeDialog();
        
        info(strFmt("Shipment %1 is successfully shipped.", core.shipmentId));
        return 1;
    }

]]></Source>
			</Method>
			<Method>
				<Name>updateShipmentDB</Name>
				<Source><![CDATA[
    protected void updateShipmentDB(Shipment shipment, RecId costRecId)
    {
        ZKShipments         zkShipmentTable;
        ZKShippingDocuments shippingDocuments;
        ZKPackages          packagesTable;
        
        ShippingDocument document;
        Package package;
        int i;

        ttsbegin;

        zkShipmentTable.initValue();
        zkShipmentTable.ZKShipmentId            = shipment.Id;
        zkShipmentTable.ZKShippingAccountId     = shipment.ShippingAccountId;
        zkShipmentTable.ZKTrackingNumber        = shipment.TrackingNumber;
        zkShipmentTable.ZKLabelType             = shipment.LabelType;
        zkShipmentTable.ZKLabelSize             = shipment.LabelSize;
        zkShipmentTable.ZKPackagingTypeCode     = shipment.Packaging;
        zkShipmentTable.ZKCarrierCode           = core.carrierCode;
        zkShipmentTable.ZKCarrierServiceCode    = core.carrierServiceCode;
        zkShipmentTable.ZKShipDate              = core.shipDate;
        zkShipmentTable.ZKIsCanceled            = NoYes::No;
        zkShipmentTable.ZKCancelMessage         = "";
        zkShipmentTable.ZKBaseShipmentId        = core.shipmentId;
        zkShipmentTable.ZKShipmentModule        = core.moduleTable;
        zkShipmentTable.ZKTrackingStatus        = ZKTrackingStatus::Pending;
        zkShipmentTable.insert();

        if(shipment.Costs != null)
        {
            zkShipmentTable.ZKCostCurrencyCode    = shipment.Costs.Currency;
            zkShipmentTable.ZKCostAmountStr       = shipment.Costs.NetCharge;
            zkShipmentTable.ZKMarkupTransRecId    = costRecId;
            zkShipmentTable.update();
        }

        //insert shipping documents
        if(shipment.ShippingDocuments != null)
        {
            for(i=0; i<shipment.ShippingDocuments.Length; i++)
            {
                document = shipment.ShippingDocuments.Get(i);

                shippingDocuments.initValue();
                shippingDocuments.ZKShipmentRecId   = zkShipmentTable.RecId;
                shippingDocuments.ZKDescription     = document.Description;
                shippingDocuments.ZKDocument        = document.Document;
                shippingDocuments.ZKDocumentType    = document.DocumentType;
                shippingDocuments.insert();
            }
        }

        //insert packages
        for(i=0; i<shipment.Packages.Length; i++)
        {
            package = shipment.Packages.Get(i);

            packagesTable.initValue();
            packagesTable.ZKShipmentId      = core.shipmentId;
            packagesTable.ZKShipmentRecId   = zkShipmentTable.RecId;
            packagesTable.ZKLabelType       = package.LabelType;
            packagesTable.ZKLabel           = package.Label;
            packagesTable.ZKPackageValue    = package.Value;
            packagesTable.ZKTrackingNumber  = package.TrackingNumber;
            packagesTable.ZKPackageWidth    = package.Width;
            packagesTable.ZKPackageLength   = package.Length;
            packagesTable.ZKPackageHeight   = package.Height;
            packagesTable.ZKPackageWeight   = package.Weight;
            packagesTable.insert();
        }

        ttscommit;
    }

]]></Source>
			</Method>
			<Method>
				<Name>updateCost</Name>
				<Source><![CDATA[
    protected RecId updateCost(Amount cost, CurrencyCode currency)
    {
        ZKParameters params = ZKParameters::getParameters();
        SalesTable SalesTable;
        MarkupTable markupTable;
        MarkupTrans markupTrans;

        try
        {
            SalesTable = SalesTable::find(core.salesId);
            markupTable = markupTable::find(params.ZKMarkupModule, params.ZKMarkupCode);

            ttsbegin;

            markupTrans.clear();
            markupTrans.MarkupCode = markupTable.MarkupCode;
            markupTrans.initFromSalesTable(SalesTable);
            markupTrans.initFromMarkupTable(markupTable);
            markupTrans.initValue();
            markupTrans.Value = cost;
            markupTrans.CurrencyCode = currency;
            markupTrans.insert();

            ttscommit;
        }
        catch
        {
            ttsabort;
            Error("The costs are not added to the sales order.");
        }

        return markupTrans.RecId;
    }

]]></Source>
			</Method>
			<Method>
				<Name>updateLabelData</Name>
				<Source><![CDATA[
    protected void updateLabelData(WMSShipmentId shipmentId, ZKShipmentModule shipmentModule)
    {
        ZKPackages packages;

        Container               fileContainer;
        System.IO.Stream        stream;
        System.IO.MemoryStream  memoryStream;

        while select forupdate packages
            where
                (packages.ZKShipmentId == shipmentId && shipmentModule == ZKShipmentModule::WMSShipment) ||
                (packages.ZKWHSShipmentId == shipmentId && shipmentModule == ZKShipmentModule::WHSShipmentTable) ||
                (packages.ZKWHSShipmentId == shipmentId && shipmentModule == ZKShipmentModule::WHSLoadTable)
        {
            try
            {
                stream = File::UseFileFromURL(packages.ZKLabel);
                memoryStream = new System.IO.MemoryStream();
                memoryStream.SetLength(stream.Length);
                stream.Read(memoryStream.GetBuffer(), 0, stream.Length);
                fileContainer = Binary::constructFromMemoryStream(memoryStream).getContainer();

                ttsbegin;

                packages.ZKLabelData = fileContainer;
                packages.update();

                ttscommit;
            }
            catch
            {
                Error(strFmt("Unable to retreive package %1 label.", packages.ZKTrackingNumber));
            }
        }
    }

]]></Source>
			</Method>
			<Method>
				<Name>updateShippingDocumentData</Name>
				<Source><![CDATA[
    protected void updateShippingDocumentData(str shipmentId, ZKShipmentModule shipmentModule)
    {
        ZKShipments shipment = ZKShipments::findByBaseId(shipmentId, shipmentModule);
        ZKShippingDocuments documents;

        Container               fileContainer;
        System.IO.Stream        stream;
        System.IO.MemoryStream  memoryStream;

        while select forupdate documents
            where documents.ZKShipmentRecId == shipment.RecId
        {
            try
            {
                stream = File::UseFileFromURL(documents.ZKDocument);
                memoryStream = new System.IO.MemoryStream();
                memoryStream.SetLength(stream.Length);
                stream.Read(memoryStream.GetBuffer(), 0, stream.Length);
                fileContainer = Binary::constructFromMemoryStream(memoryStream).getContainer();

                ttsbegin;

                documents.ZKDocumentData = fileContainer;
                documents.update();

                ttscommit;
            }
            catch
            {
                Error(strFmt("Unable to retreive shipping document %1 data.", documents.ZKDescription));
            }
        }
    }

]]></Source>
			</Method>
		</Methods>
	</SourceCode>
</AxClass>