<?xml version="1.0" encoding="utf-8"?>
<AxClass xmlns:i="http://www.w3.org/2001/XMLSchema-instance">
	<Name>ZKPostAccount</Name>
	<SourceCode>
		<Declaration><![CDATA[
using Zenkraft.FO.Services;

class ZKPostAccount
{
    private FormDataSource ds;
    private Header header;
    private ZKParameters param;

}
]]></Declaration>
		<Methods>
			<Method>
				<Name>main</Name>
				<Source><![CDATA[
    public static void main(Args _args)
    {
        ZKPostAccount   postAccount;
        FormRun         caller;

        int i;

        if (!_args)
        {
            throw error(strFmt("@SPS1272", funcName()));
        }

        caller = _args.caller();
        for (i=1; i<= caller.dataSourceCount(); i++)
        {
            if (caller.dataSource(i).cursor() is ZKParameters)
            {
                postAccount = new ZKPostAccount(caller.dataSource(i));
                postAccount.run();
                break;
            }
        }
    }

]]></Source>
			</Method>
			<Method>
				<Name>initHeader</Name>
				<Source><![CDATA[
    protected void initHeader()
    {
        Header hd = new Header();

        hd.URL = ZKSystemSettings::APIUrl;
        hd.zkKey = ZKSystemSettings::APIKey;
        this.header = hd;
    }

]]></Source>
			</Method>
			<Method>
				<Name>new</Name>
				<Source><![CDATA[
    protected void new(FormDataSource dataSource)
    {
        this.ds = dataSource;
        this.param = ZKParameters::getParameters();
        this.initHeader();

        super();
    }

]]></Source>
			</Method>
			<Method>
				<Name>run</Name>
				<Source><![CDATA[
    protected void run()
    {
        ZKParameters parameters;

        parameters = ds.cursor();


        if(!parameters.ZKCreated)
                this.callAPI(parameters);
            else
                warning(strFmt("@ZKSM:ZKSM0018", parameters.ZKEmail));

        ds.research();
    }

]]></Source>
			</Method>
			<Method>
				<Name>callAPI</Name>
				<Source><![CDATA[
    protected int callAPI(ZKParameters parameter)
    {
        AccountRequest request = new AccountRequest();
        AccountResponse response;
        Account apiAccount = new Account();
        
        apiAccount.Company      = parameter.ZKCompany;
        apiAccount.Email        = parameter.ZKEmail;
        apiAccount.Organization = ZKSystemSettings::Organization();
        apiAccount.Source       = ZKSystemSettings::Source;
        request.Account         = apiAccount;

        response = APIClient::CreateAccount(this.header, request);
        ZKAPILogs::Log("CreateAccount", request.ToJSON(), response.ToJSON());

        if(response.Error != null)
            return Error(response.Error.Message);
        else if(response.WebError != null)
            return Error(response.WebError.ErrorMessage);

        this.updateParameter(
            parameter.RecId,
            response.Account.AccountId,
            response.Account.APIKey);

        return 1;
    }

]]></Source>
			</Method>
			<Method>
				<Name>updateParameter</Name>
				<Source><![CDATA[
    protected void updateParameter(RecId recId, ZKAccountId id, ZKAPIKey key)
    {
        ZKParameters parameter;

        select forupdate firstonly parameter
            where parameter.RecId == recId;

        ttsbegin;

        parameter.ZKAccountId = id;
        parameter.ZKAccountAPIKey = key;
        parameter.ZKCreated = NoYes::Yes;
        parameter.update();

        ttscommit;
    }

]]></Source>
			</Method>
		</Methods>
	</SourceCode>
</AxClass>