<?xml version="1.0" encoding="utf-8"?>
<AxClass xmlns:i="http://www.w3.org/2001/XMLSchema-instance">
	<Name>ZKPostShippingAccount</Name>
	<SourceCode>
		<Declaration><![CDATA[
using Zenkraft.FO.Services;

class ZKPostShippingAccount
{
    private FormDataSource ds;
    private Header header;
    private ZKParameters param;

}
]]></Declaration>
		<Methods>
			<Method>
				<Name>main</Name>
				<Source><![CDATA[
    public static void main(Args _args)
    {
        ZKPostShippingAccount postShippingAccount;
        FormRun         caller;

        int i;

        if (!_args)
        {
            throw error(strFmt("@SPS1272", funcName()));
        }

        caller = _args.caller();
        for (i=1; i<= caller.dataSourceCount(); i++)
        {
            if (caller.dataSource(i).cursor() is ZKShippingAccount)
            {
                postShippingAccount = new ZKPostShippingAccount(caller.dataSource(i));
                postShippingAccount.run();
                break;
            }
        }
    }

]]></Source>
			</Method>
			<Method>
				<Name>initHeader</Name>
				<Source><![CDATA[
    protected void initHeader()
    {
        Header hd = new Header();

        hd.URL = ZKSystemSettings::APIUrl;
        hd.zkKey = this.param.ZKAccountAPIKey;
        this.header = hd;
    }

]]></Source>
			</Method>
			<Method>
				<Name>new</Name>
				<Source><![CDATA[
    protected void new(FormDataSource dataSource)
    {
        this.ds = dataSource;
        this.param = ZKParameters::getParameters();
        this.initHeader();

        super();
    }

]]></Source>
			</Method>
			<Method>
				<Name>run</Name>
				<Source><![CDATA[
    protected void run()
    {
        MultiSelectionHelper selectionHelper = MultiSelectionHelper::construct();
        ZKShippingAccount shippingAccount;

        selectionHelper.parmDataSource(ds);
        shippingAccount  = selectionHelper.getFirst();

        while (shippingAccount)
        {
            if(!shippingAccount.ZKPosted)
                this.callAPI(shippingAccount);
            else
                warning(strFmt("@ZKSM:ZKSM0018", shippingAccount.ZKCarrierCode));
            
            shippingAccount = selectionHelper.getNext();
        }

        ds.research();
    }

]]></Source>
			</Method>
			<Method>
				<Name>callAPI</Name>
				<Source><![CDATA[
    protected int callAPI(ZKShippingAccount shippingAccount)
    {
        ShippingAccountRequest request = new ShippingAccountRequest();
        ShippingAccountResponse response;
        ShippingAccount apiShippingAccount = new ShippingAccount();
        this.getKeys(shippingAccount, apiShippingAccount);
        //Authorization apiAuth = new Authorization();
        //str apiAuth = this.getKeysJSON(shippingAccount);

        LogisticsAddressCountryRegion country = LogisticsAddressCountryRegion::find(shippingAccount.ZKCountryId);
         
        /*apiAuth.AccountNumber   = shippingAccount.ZKAccountNum;
        apiAuth.MeterNumber     = shippingAccount.ZKMeterNum;
        apiAuth.Key             = shippingAccount.ZKAccountKey;
        apiAuth.Password        = shippingAccount.ZKAccountPassword;*/

        apiShippingAccount.Name     = shippingAccount.ZKName;
        apiShippingAccount.Carrier  = TMSCarrier::find(shippingAccount.ZKCarrierCode).ZKCarrierCode;
        apiShippingAccount.Country  = country.ISOcode;
        apiShippingAccount.Test     = this.param.IsTest();
        //apiShippingAccount.Auth     = apiAuth;

        request.ShippingAccount    = apiShippingAccount;

        response = APIClient::PostShippingAccount(this.header, request);
        ZKAPILogs::Log("GetCarrier", request.ToJSON(), response.ToJSON());

        if(response.Error != null)
            return Error(response.Error.Message);
        else if(response.WebError != null)
            return Error(response.WebError.ErrorMessage);

        this.updateShippingAccount(
            shippingAccount.RecId,
            response.ShippingAccount.Id,
            response.ShippingAccount.DimUnits,
            response.ShippingAccount.WeightUnits,
            response.ShippingAccount.Currency,
            response.ShippingAccount.Message);

        info(strFmt("%1 created. Message: %2", apiShippingAccount.Name, response.ShippingAccount.Message));

        return 1;
    }

]]></Source>
			</Method>
			<Method>
				<Name>updateShippingAccount</Name>
				<Source><![CDATA[
    protected void updateShippingAccount(
        RecId recId,
        ZKShippingAccountId id,
        ZKDimUnits dimUnits,
        ZKWeightUnits weightUnit,
        CurrencyCode currencyCode,
        str msg)
    {
        ZKShippingAccount shippingAccount;

        select forupdate firstonly shippingAccount
            where shippingAccount.RecId == recId;

        ttsbegin;

        shippingAccount.ZKShippingAccountId = id;
        shippingAccount.ZKDimUnits          = dimUnits;
        shippingAccount.ZKWeightUnits       = weightUnit;
        shippingAccount.ZKCurrencyCode      = currencyCode;
        shippingAccount.ZKPosted            = NoYes::Yes;
        shippingAccount.ZKCreationMsg       = msg;
        ShippingAccount.ZKAccountNum        = ZKShippingAccountKeys::getAccountNumber(recId);
        shippingAccount.update();

        ttscommit;
    }

]]></Source>
			</Method>
			<Method>
				<Name>getKeys</Name>
				<Source><![CDATA[
    protected void getKeys(ZKShippingAccount shippingAccount, ShippingAccount apiShippingAccount)
    {
        ZKShippingAccountKeys shippingAccountKeys;
        str ret;
        boolean first = true;

        while select shippingAccountKeys
            where shippingAccountKeys.ZKShippingAccount == shippingAccount.RecId
        {
            apiShippingAccount.AddAuth(shippingAccountKeys.ZKSlug, shippingAccountKeys.ZKValue);
        }
    }

]]></Source>
			</Method>
		</Methods>
	</SourceCode>
</AxClass>