<?xml version="1.0" encoding="utf-8"?>
<AxClass xmlns:i="http://www.w3.org/2001/XMLSchema-instance">
	<Name>ZKPostCancel</Name>
	<SourceCode>
		<Declaration><![CDATA[
using Zenkraft.FO.Services;

class ZKPostCancel extends RunBase
{     
    private Object          caller;
    private Header          header;
    private ZKShipments     shipmentTable;
    private ZKParameters    param;

}
]]></Declaration>
		<Methods>
			<Method>
				<Name>main</Name>
				<Source><![CDATA[
    /// <summary>
    /// Runs the class with the specified arguments.
    /// </summary>
    /// <param name = "_args">The specified arguments.</param>
    public static void main(Args _args)
    {    
        ZKPostCancel postCancel = new ZKPostCancel(_args);
        postCancel.run();
    }

]]></Source>
			</Method>
			<Method>
				<Name>new</Name>
				<Source><![CDATA[
    public void new(Args _args)
    {
        super();

        if(_args == null)
            return;

        caller = _args.caller();
        
        if(caller.dataSource().cursor() is WMSShipment)
        {
            WMSShipment wmsShipmentTable = caller.dataSource().cursor() as WMSShipment;
            shipmentTable = ZKShipments::findByBaseId(wmsShipmentTable.shipmentId, ZKShipmentModule::WMSShipment);
        }
        else if (caller.dataSource().cursor() is WHSShipmentTable)
        {
            WHSShipmentTable whsShipmentTable = caller.dataSource().cursor() as WHSShipmentTable;
            shipmentTable = ZKShipments::findByBaseId(whsShipmentTable.shipmentId, ZKShipmentModule::WMSShipment);
        }
        else if (caller.dataSource().cursor() is WHSLoadTable)
        {
            WHSLoadTable whsLoadTable = caller.dataSource().cursor() as WHSLoadTable;
            shipmentTable = ZKShipments::findByBaseId(whsLoadTable.LoadId, ZKShipmentModule::WHSLoadTable);
        }
        this.param = ZKParameters::getParameters();
        this.initHeader();
    }

]]></Source>
			</Method>
			<Method>
				<Name>run</Name>
				<Source><![CDATA[
    public void run()
    {
        if(!shipmentTable)
            return;

        if(shipmentTable.ZKIsCanceled == NoYes::No)
            this.callAPI();
        else
            info("Shipemnt already canceled.");
    }

]]></Source>
			</Method>
			<Method>
				<Name>caption</Name>
				<Source><![CDATA[
    public ClassDescription caption()
    {
        return "Cancel shipment";
    }

]]></Source>
			</Method>
			<Method>
				<Name>description</Name>
				<Source><![CDATA[
    public static ClassDescription description()
    {
        return "Cancel Shipment";
    }

]]></Source>
			</Method>
			<Method>
				<Name>canRunInNewSession</Name>
				<Source><![CDATA[
    protected boolean canRunInNewSession()
    {
        return true;
    }

]]></Source>
			</Method>
			<Method>
				<Name>initHeader</Name>
				<Source><![CDATA[
    protected void initHeader()
    {
        Header hd = new Header();

        hd.URL = ZKSystemSettings::APIUrl;
        hd.zkKey = this.param.ZKAccountAPIKey;
        this.header = hd;
    }

]]></Source>
			</Method>
			<Method>
				<Name>callAPI</Name>
				<Source><![CDATA[
    private void callAPI()
    {
        CancelRequest request = new CancelRequest();
        Cancel cancel = new Cancel();
        CancelResponse response;

        cancel.CarrierCode = shipmentTable.ZKCarrierCode;
        cancel.TrackingNumber = shipmentTable.ZKTrackingNumber;
        cancel.ShippingAccountId = shipmentTable.ZKShippingAccountId;
        Cancel.Test = this.param.IsTest();

        request.Cancel = cancel;
        response = APIClient::PostCancel(this.header, request);
        ZKAPILogs::Log("cancel", request.ToJSON(), response.ToJSON());

        if(response.WebError != null)
            throw error(response.WebError.ErrorMessage);
        else if(response.Error != null)
            this.updateShipment(shipmentTable.RecId, NoYes::No, response.Error.Message);
        else if(response.Success != null)
            this.updateShipment(shipmentTable.RecId, NoYes::Yes, response.Success.Message);
        else
            throw error("Unknown response");
    }

]]></Source>
			</Method>
			<Method>
				<Name>updateShipment</Name>
				<Source><![CDATA[
    private void updateShipment(ZKShipmentRecId shipmentRecId, NoYes isCanceled, str msg)
    {
        ZKShipments shipment = ZKShipments::findByRecId(shipmentRecId, true);
        ZKPackages  packages;

        ttsbegin;

        shipment.ZKIsCanceled = isCanceled;
        shipment.ZKCancelMessage = msg;
        shipment.update();

        if(isCanceled == NoYes::Yes)
        {
            //Cancel packages
            while select forupdate ZKTrackingStatus from packages
                where packages.ZKShipmentRecId == shipmentRecId
            {
                packages.ZKTrackingStatus = ZKTrackingStatus::Canceled;
                packages.update();
            }

            //Remove shipment cost
            this.removeCost(shipment.ZKMarkupTransRecId);
        }

        ttscommit;

        info(msg);
    }

]]></Source>
			</Method>
			<Method>
				<Name>removeCost</Name>
				<Source><![CDATA[
    private void removeCost(RecId costRecId)
    {
        MarkupTrans markupTrans;

        delete_from markupTrans
            where markupTrans.RecId == costRecId;
    }

]]></Source>
			</Method>
		</Methods>
	</SourceCode>
</AxClass>