<?xml version="1.0" encoding="utf-8"?>
<AxClass xmlns:i="http://www.w3.org/2001/XMLSchema-instance">
	<Name>ZKShipmentCore</Name>
	<SourceCode>
		<Declaration><![CDATA[
using Zenkraft.FO.Services;

class ZKShipmentCore
{
    WMSShipment         wmsShipmentTable;
    WHSShipmentTable    whsShipmentTable;
    WHSLoadTable        whsLoadTable;
    SalesTable          salesTable;
    TMSSalesTable       tmsSalesTable;
    WMSOrderTrans       orderTrans;

    //Shipement
    //public WMSShipmentId            wmsShipmentId;
    //public WHSShipmentId            whsShipmentId;
    public str                      shipmentId;
    public TMSCarrierCode           carrierCode;
    public TMSCarrierServiceCode    carrierServiceCode;
    public ZKShippingAccountName    shippigAccount;
    public ZKPackagingTypeCode      packagingTypeCode;
    public Package[]                packages;
    public date                     shipDate;
    public ZKLabelType              labelType;
    public ZKLabelSize              labelSize;
    public SalesId                  salesId;
    public ZKShipmentModule         moduleTable;

    //Sender address
    public Name                     senderName;
    public LogisticsLocationRecId   senderAddressRecId;
    //public LogisticsPostalAddress   senderAddressTable;

    //Recipient address
    public Name                     recipientName;
    public LogisticsLocationRecId   recipientAddressRecId;
    public Phone                    recipientPhone;
    public Email                    recipientEmail;

}
]]></Declaration>
		<Methods>
			<Method>
				<Name>new</Name>
				<Source><![CDATA[
    public void new (str _coreTableId, ZKShipmentModule _moduleTable = ZKShipmentModule::WMSShipment)
    {
        this.shipmentId     = _coreTableId;
        this.moduleTable    = _moduleTable;

        switch (moduleTable)
        {
            case ZKShipmentModule::WMSShipment :
                this.wmsShipmentTable   = WMSShipment::find(_coreTableId);
                select firstonly orderTrans
                    where
                        orderTrans.shipmentId == wmsShipmentTable.shipmentId &&
                        orderTrans.inventTransType == Inventtranstype::Sales;
                this.salesTable         = SalesTable::find(orderTrans.inventTransRefId);

                break;
            case ZKShipmentModule::WHSShipmentTable :
                this.whsShipmentTable   = WHSShipmentTable::find(_coreTableId);
                this.salesTable         = SalesTable::find(whsShipmentTable.OrderNum);

                break;
            case ZKShipmentModule::WHSLoadTable :
                this.whsLoadTable       = WHSLoadTable::find(_coreTableId);
                this.salesTable         = SalesTable::find(whsLoadTable.OrderNum);

                break;
            default : throw error(strFmt("@SYS19306",funcName()));
        }

        this.setShipment();
        this.setSenderAddress();
        this.setRecipientAddress();
    }

]]></Source>
			</Method>
			<Method>
				<Name>setShipment</Name>
				<Source><![CDATA[
    private void setShipment()
    {
        switch (moduleTable)
        {
            case ZKShipmentModule::WMSShipment :
                this.tmsSalesTable      = TMSSalesTable::find(salesTable.SalesId);
                this.carrierCode        = tmsSalesTable.CarrierCode;
                this.carrierServiceCode = tmsSalesTable.CarrierServiceCode;
                break;
            case ZKShipmentModule::WHSShipmentTable :
                this.carrierCode        = whsShipmentTable.CarrierCode;
                this.carrierServiceCode = whsShipmentTable.CarrierServiceCode;
                break;
            case ZKShipmentModule::WHSLoadTable :
                this.carrierCode        = whsLoadTable.CarrierCode;
                this.carrierServiceCode = whsLoadTable.CarrierServiceCode;
                break;
            default : throw error(strFmt("@SYS19306",funcName()));
        }

        this.salesId            = salesTable.SalesId;
        this.shippigAccount     = ZKShippingAccount::findDefault(
                                    this.carrierCode,
                                    LogisticsAddressCountryRegion::findByISOCode(SysCountryRegionCode::countryInfo(curext())).CountryRegionId
                                    ).ZKName;
        this.packagingTypeCode  = ZKCarrierPackagingTypes::findDefault(this.carrierCode).ZKPackagingTypeCode;
        this.labelType          = ZKCarrierLabelTypes::findDefault(this.carrierCode).ZKLabelType;
        this.labelSize          = ZKLabelTypeSizes::findDefault(this.carrierCode, this.labelType).ZKLabelSize;
    }

]]></Source>
			</Method>
			<Method>
				<Name>setSenderAddress</Name>
				<Source><![CDATA[
    private void setSenderAddress()
    {
        CompanyInfo companyInfo = CompanyInfo::find();

        //senderAddressRecId  = companyInfo.postalAddress().RecId;
        senderAddressRecId  = TMSCarrier::find(this.carrierCode).ZKPostalAddressRecId;
        senderName          = companyInfo.name();
    }

]]></Source>
			</Method>
			<Method>
				<Name>setRecipientAddress</Name>
				<Source><![CDATA[
    private void setRecipientAddress()
    {
        switch (moduleTable)
        {
            case ZKShipmentModule::WMSShipment :
                recipientAddressRecId = orderTrans.DeliveryPostalAddress;
                recipientName = CustTable::find(orderTrans.customer).name();
                break;
            case ZKShipmentModule::WHSShipmentTable :
                recipientAddressRecId = whsShipmentTable.DeliveryPostalAddress;
                recipientName = CustTable::find(whsShipmentTable.AccountNum).name();
                break;
            case ZKShipmentModule::WHSLoadTable :
                recipientAddressRecId = WHSShipmentTable::findByLoadId(whsLoadTable.LoadId).DeliveryPostalAddress;
                recipientName = CustTable::find(whsLoadTable.AccountNum).name();
                break;
            default : throw error(strFmt("@SYS19306",funcName()));
        }


        recipientPhone = SalesTable.customerPhone();
        recipientEmail = salesTable.customerEmail();
    }

]]></Source>
			</Method>
			<Method>
				<Name>setDefaultPackageDimension</Name>
				<Source><![CDATA[
    public void setDefaultPackageDimension()
    {
        TMSCarrier carrierSetup = TMSCarrier::find(this.carrierCode);
        Package package;

        packages = new Package[1]();
        package = new Package();
        package.Value = carrierSetup.ZKDefaultPackageValue;
        package.Length = carrierSetup.ZKDefaultPackageLength;
        package.Weight = carrierSetup.ZKDefaultPackageWeight;
        package.Height = carrierSetup.ZKDefaultPackageHeight;
        package.Width = carrierSetup.ZKDefaultPackageWidth;

        packages.setValue(package, 0);
    }

]]></Source>
			</Method>
			<Method>
				<Name>getShippingAccountTable</Name>
				<Source><![CDATA[
    public ZKShippingAccount getShippingAccountTable()
    {
        ZKShippingAccount shippingAccountTable;

        select firstonly shippingAccountTable
            where shippingAccountTable.ZKName == shippigAccount;

        return shippingAccountTable;
    }

]]></Source>
			</Method>
			<Method>
				<Name>getSenderAddress</Name>
				<Source><![CDATA[
    public Address getSenderAddress()
    {
        LogisticsPostalAddress addressTable = LogisticsPostalAddress::findRecId(senderAddressRecId);
        Address senderAddress = new Address();

        senderAddress.Name          = LogisticsLocation::find(addressTable.Location).Description;//..senderName;
        senderAddress.Street1       = addressTable.Street;
        senderAddress.City          = addressTable.City;
        senderAddress.State         = addressTable.State;
        senderAddress.PostalCode    = addressTable.ZipCode;
        senderAddress.Country       = LogisticsAddressCountryRegion::find(addressTable.CountryRegionId).ISOcode;
        senderAddress.Company       = senderName;
        senderAddress.Phone         = ZKParameters::getParameters().ZKSenderPhone;
        senderAddress.Email         = ZKParameters::getParameters().ZKSenderEmail;

        return senderAddress;
    }

]]></Source>
			</Method>
			<Method>
				<Name>getRecipientAddress</Name>
				<Source><![CDATA[
    public Address getRecipientAddress()
    {
        LogisticsPostalAddress addressTable = LogisticsPostalAddress::findRecId(recipientAddressRecId);
        Address recipientAddress = new Address();
       
        recipientAddress.Name = recipientName;
        recipientAddress.Street1 = addressTable.Street;
        recipientAddress.City = addressTable.City;
        recipientAddress.State = addressTable.State;
        recipientAddress.PostalCode = addressTable.ZipCode;
        recipientAddress.Country = LogisticsAddressCountryRegion::find(addressTable.CountryRegionId).ISOcode;
        recipientAddress.Company = recipientName;
        recipientAddress.Phone = recipientPhone;
        recipientAddress.Email = recipientEmail;

        return recipientAddress;
    }

]]></Source>
			</Method>
			<Method>
				<Name>getReferences</Name>
				<Source><![CDATA[
    public Reference[] getReferences()
    {
        ZKCarrierReferences referencesTable;
        SalesTable salesOrder = SalesTable::find(this.salesId);
        Reference[] retReferences;
        Reference ref;
        int arrayIndex;

        select count(RecId) from referencesTable
            where
                referencesTable.ZKCarrierCode == this.carrierCode &&
                referencesTable.ZKSupported == NoYes::Yes &&
                referencesTable.ZKUseInRequest == NoYes::Yes;

        if(referencesTable.RecId == 0)
            return null;
        else
            retReferences = new Reference[referencesTable.RecId]();

        while select referencesTable
            where
                referencesTable.ZKCarrierCode == this.carrierCode &&
                referencesTable.ZKSupported == NoYes::Yes &&
                referencesTable.ZKUseInRequest == NoYes::Yes
        {
            int fieldId = referencesTable.ZKSalesTableFieldId;
            ref = new Reference();
            ref.Type = referencesTable.ZKSlug;
            ref.Value = salesOrder.(fieldId);
            if(!ref.Value)
            {
                warning(strFmt("%1 is empty.", ref.Type));
                continue;
            }
            retReferences.setValue(ref, arrayIndex);

            arrayIndex++;
        }

        return retReferences;
    }

]]></Source>
			</Method>
			<Method>
				<Name>getShipDate</Name>
				<Source><![CDATA[
    public str getShipDate()
    {
        return date2Str(
            shipDate,
            321,
            DateDay::Digits2,
            DateSeparator::Hyphen,
            DateMonth::Digits2,
            DateSeparator::Hyphen,
            DateYear::Digits4);
    }

]]></Source>
			</Method>
			<Method>
				<Name>getCustomsItems</Name>
				<Source><![CDATA[
    public CustomsItem[] getCustomsItems()
    {
        if(this.moduleTable == ZKShipmentModule::WMSShipment)
            return this.getWMSCustomsItems();
        else
            return this.getWHSCustomsItems();
    }

]]></Source>
			</Method>
			<Method>
				<Name>getWMSCustomsItems</Name>
				<Source><![CDATA[
    public CustomsItem[] getWMSCustomsItems()
    {
        CustomsItem[]   retCustomsItem;
        CustomsItem     item;
        int             arrayIndex = 0;

        WMSOrderTrans   _orderTrans;
        InventTable     inventTable;

        //get total items
        while select itemId from _orderTrans
            group by _orderTrans.itemId
            where
                _orderTrans.shipmentId == wmsShipmentTable.shipmentId &&
                _orderTrans.inventTransType == Inventtranstype::Sales
        {
            arrayIndex++;
        }

        //init retCustomsItem
        if(arrayIndex == 0)
            return null;
        else
            retCustomsItem = new CustomsItem[arrayIndex]();
        arrayIndex = 0;

        while select ItemId, sum(qty) from _orderTrans
            group by _orderTrans.itemId
            where
                _orderTrans.shipmentId == wmsShipmentTable.shipmentId &&
                _orderTrans.inventTransType == Inventtranstype::Sales
        {
            item = new CustomsItem();
            inventTable =InventTable::find(_orderTrans.itemId);

            item.CountryOfManufacture   = LogisticsAddressCountryRegion::find(inventTable.OrigCountryRegionId).ISOcode;
            item.Description            = inventTable.itemName();
            item.Weight                 = inventTable.NetWeight;
            item.Quantity               = _orderTrans.qty;
            item.Value                  = 1;

            retCustomsItem.setValue(item, arrayIndex);
            arrayIndex++;

        }

        return retCustomsItem;
    }

]]></Source>
			</Method>
			<Method>
				<Name>getWHSCustomsItems</Name>
				<Source><![CDATA[
    public CustomsItem[] getWHSCustomsItems()
    {
        CustomsItem[]   retCustomsItem;
        CustomsItem     item;
        int             arrayIndex = 0;

        WHSLoadLine     whsLine;
        InventTable     inventTable;

        //get total items
        while select itemId from whsLine
            group by whsLine.itemId
            where
                whsLine.shipmentId == wmsShipmentTable.shipmentId &&
                whsLine.inventTransType == Inventtranstype::Sales &&
                (
                    (whsLine.ShipmentId == shipmentId && this.moduleTable == ZKShipmentModule::WHSShipmentTable) ||
                    (whsLine.LoadId     == shipmentId && this.moduleTable == ZKShipmentModule::WHSLoadTable )
                )
        {
            arrayIndex++;
        }

        //init retCustomsItem
        if(arrayIndex == 0)
            return null;
        else
            retCustomsItem = new CustomsItem[arrayIndex]();
        arrayIndex = 0;

        while select ItemId, sum(qty) from whsLine
            group by whsLine.itemId
            where
                whsLine.shipmentId == wmsShipmentTable.shipmentId &&
                whsLine.inventTransType == Inventtranstype::Sales &&
                (
                    (whsLine.ShipmentId == shipmentId && this.moduleTable == ZKShipmentModule::WHSShipmentTable) ||
                    (whsLine.LoadId     == shipmentId && this.moduleTable == ZKShipmentModule::WHSLoadTable )
                )
        {
            item = new CustomsItem();
            inventTable =InventTable::find(whsLine.itemId);

            item.CountryOfManufacture   = LogisticsAddressCountryRegion::find(inventTable.OrigCountryRegionId).ISOcode;
            item.Description            = inventTable.itemName();
            item.Weight                 = inventTable.NetWeight;
            item.Quantity               = whsLine.qty;
            item.Value                  = 1;

            retCustomsItem.setValue(item, arrayIndex);
            arrayIndex++;

        }

        return retCustomsItem;
    }

]]></Source>
			</Method>
			<Method>
				<Name>getCustomsInfo</Name>
				<Source><![CDATA[
    public CustomsInfo getCustomsInfo(Shipment shipment)
    {
        CustomsInfo retCustomInfo = new CustomsInfo();

        if(shipment.Recipient.Country == shipment.Sender.Country)
            return null;

        retCustomInfo.PurposeOfShipment = "sold";

        return retCustomInfo;
    }

]]></Source>
			</Method>
			<Method>
				<Name>getShipmentForRate</Name>
				<Source><![CDATA[
    public Shipment getShipmentForRate()
    {
        ZKShippingAccount shippingAccountTable = this.getShippingAccountTable();
        Shipment shipment = new Shipment();

        shipment.CarrierCode        = TMSCarrier::find(this.CarrierCode).ZKCarrierCode;
        shipment.Type               = strLwr(enum2Str(WHSLoadDirection::Outbound));
        shipment.DimUnits           = shippingAccountTable.ZKDimUnits;
        shipment.WeightUnits        = shippingAccountTable.ZKWeightUnits;
        shipment.Currency           = shippingAccountTable.ZKCurrencyCode;
        shipment.ShippingAccountId  = shippingAccountTable.ZKShippingAccountId;
        shipment.Sender             = this.getSenderAddress();
        shipment.Recipient          = this.getRecipientAddress();
        shipment.ShipDate           = this.getShipDate();
        shipment.Packages           = packages;
        shipment.Packaging          = ZKCarrierPackagingTypes::find(packagingTypeCode).ZKSlug;
        shipment.Test               = ZKParameters::getParameters().IsTest();

        return shipment;
    }

]]></Source>
			</Method>
			<Method>
				<Name>getShipment</Name>
				<Source><![CDATA[
    public Shipment getShipment()
    {
        ZKShippingAccount shippingAccountTable = this.getShippingAccountTable();

        Shipment shipment = new Shipment();

        shipment.CarrierCode        = TMSCarrier::find(carrierCode).ZKCarrierCode;
        shipment.Service            = TMSCarrierService::find(carrierServiceCode, carrierCode).ZKSlug;
        shipment.ShipDate           = this.getShipDate();
        shipment.Type               = strLwr(enum2Str(WHSLoadDirection::Outbound));
        shipment.DimUnits           = shippingAccountTable.ZKDimUnits;
        shipment.WeightUnits        = shippingAccountTable.ZKWeightUnits;
        shipment.Currency           = shippingAccountTable.ZKCurrencyCode;
        shipment.ShippingAccountId  = shippingAccountTable.ZKShippingAccountId;
        shipment.Sender             = this.getSenderAddress();
        shipment.Recipient          = this.getRecipientAddress();
        shipment.Packages           = packages;
        shipment.Packaging          = ZKCarrierPackagingTypes::find(packagingTypeCode).ZKSlug;
        shipment.LabelType          = labelType;
        shipment.LabelSize          = labelSize;
        shipment.References         = this.getReferences();
        shipment.CustomsItems       = this.getCustomsItems();
        shipment.CustomsInfo        = this.getCustomsInfo(shipment);
        shipment.Test               = ZKParameters::getParameters().IsTest();

        return shipment;
    }

]]></Source>
			</Method>
		</Methods>
	</SourceCode>
</AxClass>