<?xml version="1.0" encoding="utf-8"?>
<AxClass xmlns:i="http://www.w3.org/2001/XMLSchema-instance">
	<Name>ZKSystemSettings</Name>
	<SourceCode>
		<Declaration><![CDATA[
public class ZKSystemSettings
{
    public const str APIUrl = "https://api.zenkraft.com";
    public const str APIKey = "idco2V$l!8C1P7AzeGk1Fw87MlHy4f|MzMJTXpUZJ5!WiL4wYQamWyo|OH0eNyAQxVn$IF";
    public const str Source = "dynamics f&o";

}
]]></Declaration>
		<Methods>
			<Method>
				<Name>Organization</Name>
				<Source><![CDATA[
    public static str Organization()
    {
        return xInfo::serialNo();
    }

]]></Source>
			</Method>
		</Methods>
	</SourceCode>
</AxClass>