<?xml version="1.0" encoding="utf-8"?>
<AxClass xmlns:i="http://www.w3.org/2001/XMLSchema-instance">
	<Name>ZKSyncCarrier</Name>
	<SourceCode>
		<Declaration><![CDATA[
using Zenkraft.FO.Services;

class ZKSyncCarrier extends RunBase
{
    private Header          header;
    private ZKParameters    param;

}
]]></Declaration>
		<Methods>
			<Method>
				<Name>main</Name>
				<Source><![CDATA[
    /// <summary>
    /// Runs the class with the specified arguments.
    /// </summary>
    /// <param name = "_args">The specified arguments.</param>
    public static void main(Args _args)
    {
        ZKSyncCarrier syncCarrier = new ZKSyncCarrier();
        if(Box::confirm("Are you sure to synchronize carriers?","@ZKSM:ZKSM0029"))
            syncCarrier.runOperation();
    }

]]></Source>
			</Method>
			<Method>
				<Name>initHeader</Name>
				<Source><![CDATA[
    protected void initHeader()
    {
        Header hd = new Header();

        hd.URL = ZKSystemSettings::APIUrl;
        hd.zkKey = ZKSystemSettings::APIKey;
        this.header = hd;
    }

]]></Source>
			</Method>
			<Method>
				<Name>progress</Name>
				<Source><![CDATA[
    public void progress(RunbaseProgress _progress)
    {
        progress = _progress;
    }

]]></Source>
			</Method>
			<Method>
				<Name>canRunInNewSession</Name>
				<Source><![CDATA[
    /// <summary>
    /// Describes whether the class is designed for execution in a new session.
    /// </summary>
    /// <returns>
    /// true if the class is designed for executing the operation in a new session; otherwise, false.
    /// </returns>
    protected boolean canRunInNewSession()
    {
        return true;
    }

]]></Source>
			</Method>
			<Method>
				<Name>new</Name>
				<Source><![CDATA[
    public void new()
    {
        super();

        this.param = ZKParameters::getParameters();

        this.progressInit("",10,#AviUpdate);
        this.initHeader();
    }

]]></Source>
			</Method>
			<Method>
				<Name>caption</Name>
				<Source><![CDATA[
    public ClassDescription caption()
    {
        return "@ZKSM:ZKSM0029";
    }

]]></Source>
			</Method>
			<Method>
				<Name>description</Name>
				<Source><![CDATA[
    public static ClassDescription description()
    {
        return "@ZKSM:ZKSM0029";
    }

]]></Source>
			</Method>
			<Method>
				<Name>parmProgress</Name>
				<Source><![CDATA[
    public RunbaseProgress parmProgress(RunbaseProgress _progress = progress)
    {
        progress = _progress;
        return progress;
    }

]]></Source>
			</Method>
			<Method>
				<Name>run</Name>
				<Source><![CDATA[
    public void run()
    {
        ttsbegin;

        this.updateCarriers();
        this.updateCarrierDetails();

        ttscommit;
    }

]]></Source>
			</Method>
			<Method>
				<Name>updateCarriers</Name>
				<Source><![CDATA[
    private void updateCarriers()
    {
        CarriersResponse response = APIClient::GetCarriers(this.header);
        Carrier carrier;
        TMSCarrier carrierTable;
        int i;

        ZKAPILogs::Log("GetCarriers", "", response.ToJSON());

        update_recordset carrierTable
        setting ZKSupported = NoYes::No;
      
        for(i=0; i<response.Carriers.Length ; i++)
        {
            carrier = response.Carriers.Get(i);
            
            select forupdate firstonly carrierTable
                where carrierTable.ZKCarrierCode == carrier.Code;

            if(carrierTable.RecId)
            {
                carrierTable.ZKSupported = NoYes::Yes;
                carrierTable.update();
            }
            else
            {
                carrierTable.initValue();
                carrierTable.Name                   = carrier.Name;
                carrierTable.CarrierCode            = carrier.Code;
                carrierTable.ZKCarrierCode          = carrier.Code;
                carrierTable.ZKSupported            = NoYes::Yes;
                carrierTable.ZKPostalAddressRecId   = CompanyInfo::find().postalAddress().RecId;
                carrierTable.insert();
            }
        }
    }

]]></Source>
			</Method>
			<Method>
				<Name>updateCarrierDetails</Name>
				<Source><![CDATA[
    private void updateCarrierDetails()
    {
        CarrierResponse response;
        ServiceType serviceType;
        TMSCarrier carrierTable;

        int i;

        while select carrierTable
            where carrierTable.ZKSupported == NoYes::Yes
        {
            response = APIClient::GetCarrier(this.header, carrierTable.ZKCarrierCode);
            ZKAPILogs::Log("GetCarrier", carrierTable.ZKCarrierCode, response.ToJSON());

            this.updateCarrierSerives(carrierTable.CarrierCode, response.ServiceTypes);
            this.updateCarrierLabelTypes(carrierTable.CarrierCode, response.LabelTypes);
            this.updateCarrierPackagingType(carrierTable.CarrierCode, response.PackagingTypes);
            this.updateCarrierAuth(carrierTable.CarrierCode, response.CarrierAuths);
            this.updateCarrierReferences(carrierTable.CarrierCode, response.CarrierReferences);
        }
    }

]]></Source>
			</Method>
			<Method>
				<Name>updateCarrierSerives</Name>
				<Source><![CDATA[
    private void updateCarrierSerives(TMSCarrierCode carrierCode, ServiceType[] serviceTypes)
    {
        ServiceType serviceType;
        TMSCarrierService carrierServiceTable;
        int i;

        update_recordset carrierServiceTable
        setting ZKSupported = NoYes::No
        where carrierServiceTable.CarrierCode == carrierCode;

        for(i=0; i<serviceTypes.Length ; i++)
        {
            serviceType = serviceTypes.Get(i);

            select forupdate firstonly carrierServiceTable
                where
                    carrierServiceTable.CarrierServiceCode == serviceType.Code &&
                    carrierServiceTable.CarrierCode == carrierCode;
            
            if(carrierServiceTable.RecId)
            {
                carrierServiceTable.ZKSupported = NoYes::Yes;
                carrierServiceTable.Name = serviceType.Name;
                carrierServiceTable.ZKSlug = serviceType.Slug;
                carrierServiceTable.update();
            }
            else
            {
                carrierServiceTable.initValue();
                carrierServiceTable.Name = serviceType.Name;
                carrierServiceTable.CarrierCode = carrierCode;
                carrierServiceTable.CarrierServiceCode = 
                    serviceType.Code != "" ? serviceType.Code:serviceType.Slug;
                carrierServiceTable.MethodCode = this.param.DefaultMethodCode;
                carrierServiceTable.ZKSlug = serviceType.Slug;
                carrierServiceTable.ZKSupported = NoYes::Yes;
                carrierServiceTable.insert();
            }

            this.updateDlvTxt(carrierCode, carrierServiceTable.CarrierServiceCode, serviceType.Name);
        }
    }

]]></Source>
			</Method>
			<Method>
				<Name>updateCarrierLabelTypes</Name>
				<Source><![CDATA[
    private void updateCarrierLabelTypes(TMSCarrierCode carrierCode, Zenkraft.FO.Services.LabelType[] labelTypes)
    {
        Zenkraft.FO.Services.LabelType labelType;
        str size;
        ZKCarrierLabelTypes carrierLabelTypes;
        ZKLabelTypeSizes labelTypeSizes;
        int i,j;

        update_recordset carrierLabelTypes
        setting Supported = NoYes::No
        where carrierLabelTypes.ZKCarrierCode == carrierCode;

        for(i=0; i<labelTypes.Length; i++)
        {
            labelType = labelTypes.Get(i);

            select forupdate firstonly carrierLabelTypes
                where
                    carrierLabelTypes.ZKCarrierCode == carrierCode &&
                    carrierLabelTypes.ZKLabelType == labelType.Type;

            if(carrierLabelTypes.RecId)
            {
                carrierLabelTypes.Supported = NoYes::Yes;
                carrierLabelTypes.update();
            }
            else
            {
                carrierLabelTypes.initValue();
                carrierLabelTypes.ZKCarrierCode = carrierCode;
                carrierLabelTypes.ZKLabelType = ZKLabelTypes::findOrCreate(labelType.Type);
                carrierLabelTypes.insert();
            }

            update_recordset labelTypeSizes
            setting ZKSupported = NoYes::No
            where
                labelTypeSizes.ZKCarrierCode == carrierCode &&
                labelTypeSizes.ZKLabelType == carrierLabelTypes.ZKLabelType;

            for(j=0; j<labelType.Sizes.Length; j++)
            {
                size = labelType.Sizes.Get(j);

                select forupdate firstonly labelTypeSizes
                where
                    labelTypeSizes.ZKCarrierCode == carrierCode &&
                    labelTypeSizes.ZKLabelType == carrierLabelTypes.ZKLabelType &&
                    labelTypeSizes.ZKLabelSize == size;

                if(labelTypeSizes.RecId)
                {
                    labelTypeSizes.ZKSupported = NoYes::Yes;
                    labelTypeSizes.update();
                }
                else
                {
                    labelTypeSizes.initValue();
                    labelTypeSizes.ZKCarrierCode = carrierCode;
                    labelTypeSizes.ZKLabelType = carrierLabelTypes.ZKLabelType;
                    labelTypeSizes.ZKLabelSize = size;
                    labelTypeSizes.ZKSupported = NoYes::Yes;
                    labelTypeSizes.insert();
                }
            }
        }
    }

]]></Source>
			</Method>
			<Method>
				<Name>updateCarrierPackagingType</Name>
				<Source><![CDATA[
    private void updateCarrierPackagingType(TMSCarrierCode carrierCode, PackagingType[] packagingTypes)
    {
        PackagingType packagingType;
        ZKCarrierPackagingTypes carrierPackagingType;
        int i;

        ZKCarrierPackagingTypes::unsupport(carrierCode);

        for(i=0; i<packagingTypes.Length; i++)
        {
            packagingType = packagingTypes.Get(i);

            select forupdate firstonly carrierPackagingType
                where
                    carrierPackagingType.ZKCarrierCode == carrierCode &&
                    carrierPackagingType.ZKSlug == packagingType.Slug;

            if(carrierPackagingType.RecId)
            {
                carrierPackagingType.ZKPackagingTypeCode = packagingType.Code;
                carrierPackagingType.ZKPackagingTypeName = packagingType.Name;
                carrierPackagingType.ZKSupported = NoYes::Yes;
                carrierPackagingType.update();
            }
            else
            {
                carrierPackagingType.initValue();
                carrierPackagingType.ZKCarrierCode = carrierCode;
                carrierPackagingType.ZKSlug = packagingType.Slug;
                carrierPackagingType.ZKPackagingTypeCode = packagingType.Code;
                carrierPackagingType.ZKPackagingTypeName = packagingType.Name;
                carrierPackagingType.ZKSupported = NoYes::Yes;
                carrierPackagingType.insert();
            }
        }

    }

]]></Source>
			</Method>
			<Method>
				<Name>updateCarrierAuth</Name>
				<Source><![CDATA[
    private void updateCarrierAuth(TMSCarrierCode carrierCode, CarrierAuth[] carrierAuths)
    {
        CarrierAuth carrierAuth;
        ZKCarrierAuth carrierAuthTable;
        int i;

        ZKCarrierAuth::unsupport(carrierCode);

        if(carrierAuths == null || carrierAuths.Length == 0)
            return;

        for(i=0; i<carrierAuths.Length; i++)
        {
            carrierAuth = carrierAuths.Get(i);

            select forupdate firstonly carrierAuthTable
                where
                    carrierAuthTable.ZKCarrierCode == carrierCode &&
                    carrierAuthTable.ZKSlug == carrierAuth.Slug;

            if(carrierAuthTable.RecId)
            {
                carrierAuthTable.ZKAuthType = carrierAuth.Type;
                carrierAuthTable.ZKName = carrierAuth.Name;
                carrierAuthTable.ZKRequired = carrierAuth.Required;
                carrierAuthTable.ZKUI = carrierAuth.UI;
                carrierAuthTable.ZKSupported = NoYes::Yes;
                carrierAuthTable.update();
            }
            else
            {
                carrierAuthTable.initValue();
                carrierAuthTable.ZKCarrierCode = carrierCode;
                carrierAuthTable.ZKSlug = carrierAuth.Slug;
                carrierAuthTable.ZKAuthType = carrierAuth.Type;
                carrierAuthTable.ZKName = carrierAuth.Name;
                carrierAuthTable.ZKRequired = carrierAuth.Required;
                carrierAuthTable.ZKUI = carrierAuth.UI;
                carrierAuthTable.ZKSupported = NoYes::Yes;
                carrierAuthTable.insert();
            }
        }
    }

]]></Source>
			</Method>
			<Method>
				<Name>updateCarrierReferences</Name>
				<Source><![CDATA[
    private void updateCarrierReferences(TMSCarrierCode carrierCode, CarrierReference[] carrierReferences)
    {
        CarrierReference carrierReference;
        ZKCarrierReferences carrierReferencesTable;
        int i;

        ZKCarrierReferences::unsupport(carrierCode);

        for(i=0; i<carrierReferences.Length; i++)
        {
            carrierReference = carrierReferences.Get(i);

            select forupdate firstonly carrierReferencesTable
                where
                    carrierReferencesTable.ZKCarrierCode == carrierCode &&
                    carrierReferencesTable.ZKSlug == carrierReference.Slug;

            if(carrierReferencesTable.RecId)
            {
                carrierReferencesTable.ZKCode = carrierReference.Code;
                carrierReferencesTable.ZKName = carrierReference.Name;
                carrierReferencesTable.ZKSupported = NoYes::Yes;
                carrierReferencesTable.update();
            }
            else
            {
                carrierReferencesTable.initValue();
                carrierReferencesTable.ZKCarrierCode = carrierCode;
                carrierReferencesTable.ZKSlug = carrierReference.Slug;
                carrierReferencesTable.ZKCode = carrierReference.Code;
                carrierReferencesTable.ZKName = carrierReference.Name;
                carrierReferencesTable.ZKSupported = NoYes::Yes;
                carrierReferencesTable.insert();
            }
        }

    }

]]></Source>
			</Method>
			<Method>
				<Name>updateDlvTxt</Name>
				<Source><![CDATA[
    private void updateDlvTxt(TMSCarrierCode carrierCode, TMSCarrierServiceCode carrierServiceCode, Name serviceName)
    {
        DlvModeId dlvModeId = TMSCarrierService::findDlvModeId(carrierCode, carrierServiceCode);
        DlvMode dlvMode = DlvMode::find(dlvModeId, true);

        dlvMode.Txt = serviceName;
        dlvMode.update();
    }

]]></Source>
			</Method>
		</Methods>
	</SourceCode>
</AxClass>