<?xml version="1.0" encoding="utf-8"?>
<AxClass xmlns:i="http://www.w3.org/2001/XMLSchema-instance">
	<Name>ZKTrackingBatch</Name>
	<SourceCode>
		<Declaration><![CDATA[
using Zenkraft.FO.Services;

class ZKTrackingBatch extends RunBaseBatch
{        
    private Header          header;
    private ZKParameters    parameters;


}
]]></Declaration>
		<Methods>
			<Method>
				<Name>main</Name>
				<Source><![CDATA[
    /// <summary>
    /// Runs the class with the specified arguments.
    /// </summary>
    /// <param name = "_args">The specified arguments.</param>
    public static void main(Args _args)
    {        
        ZKTrackingBatch trackingBatch = new ZKTrackingBatch();
        if (trackingBatch.prompt())
            trackingBatch.runOperation();
    }

]]></Source>
			</Method>
			<Method>
				<Name>initHeader</Name>
				<Source><![CDATA[
    protected void initHeader()
    {
        Header hd = new Header();

        hd.URL = ZKSystemSettings::APIUrl;
        hd.zkKey = parameters.ZKAccountAPIKey;
        this.header = hd; 
    }

]]></Source>
			</Method>
			<Method>
				<Name>progress</Name>
				<Source><![CDATA[
    public void progress(RunbaseProgress _progress)
    {
        progress = _progress;
    }

]]></Source>
			</Method>
			<Method>
				<Name>canRunInNewSession</Name>
				<Source><![CDATA[
    /// <summary>
    /// Describes whether the class is designed for execution in a new session.
    /// </summary>
    /// <returns>
    /// true if the class is designed for executing the operation in a new session; otherwise, false.
    /// </returns>
    protected boolean canRunInNewSession()
    {
        return true;
    }

]]></Source>
			</Method>
			<Method>
				<Name>new</Name>
				<Source><![CDATA[
    public void new()
    {
        super();

        parameters = ZKParameters::getParameters();

        this.progressInit("",10,#AviUpdate);
        this.initHeader();
    }

]]></Source>
			</Method>
			<Method>
				<Name>caption</Name>
				<Source><![CDATA[
    public ClassDescription caption()
    {
        return "Scheduled tracking";
    }

]]></Source>
			</Method>
			<Method>
				<Name>description</Name>
				<Source><![CDATA[
    public static ClassDescription description()
    {
        return "@ZKSM:ZKSM0064";
    }

]]></Source>
			</Method>
			<Method>
				<Name>parmProgress</Name>
				<Source><![CDATA[
    public RunbaseProgress parmProgress(RunbaseProgress _progress = progress)
    {
        progress = _progress;
        return progress;
    }

]]></Source>
			</Method>
			<Method>
				<Name>run</Name>
				<Source><![CDATA[
    public void run()
    {
        ZKPackages      packages;
        ZKShipments     shipment;

        TrackRequest    request = new TrackRequest();
        TrackResponse   response;
        Track           track;
        CheckPoint      checkPoint;
        int             i;

        //Get packages tracking
        while select packages
            join shipment
            where 
                packages.ZKShipmentRecId == shipment.RecId &&
                packages.ZKTrackingStatus == ZKTrackingStatus::Pending
        {
            track                   = new Track();
            track.CarrierCode       = shipment.ZKCarrierCode;
            track.ShippingAccountId = shipment.ZKShippingAccountId;
            track.TrackingNumber    = packages.ZKTrackingNumber;
            track.Test              = parameters.IsTest();

            request.Track = track;

            response = APIClient::PostTrack(this.header, request);
            ZKAPILogs::Log("track", request.ToJSON(), response.ToJSON());

            if(response.Error != null)
            {
                this.updatePackage(packages.RecId, ZKTrackingStatus::Error, response.Error.Message);
                continue;
            }
            else if(response.WebError != null)
                throw Error(response.WebError.ErrorMessage);

            for(i=0; i<response.Checkpoints.Length; i++)
            {
                checkPoint = response.Checkpoints.Get(i);
                this.handleCheckPoint(
                    checkPoint,
                    shipment.ZKCarrierCode,
                    packages.ZKTrackingNumber,
                    packages.RecId,
                    shipment.RecId,
                    response.Status);

            }

            if(response.Delivered == true)
                this.updatePackage(packages.RecId, ZKTrackingStatus::Delivred);
        }

        //Get shipment tracking
        while select shipment
            where
                packages.ZKTrackingStatus == ZKTrackingStatus::Pending
        {
            track                   = new Track();
            track.CarrierCode       = shipment.ZKCarrierCode;
            track.ShippingAccountId = shipment.ZKShippingAccountId;
            track.TrackingNumber    = shipment.ZKTrackingNumber;
            track.Test              = parameters.IsTest();

            request.Track = track;

            response = APIClient::PostTrack(this.header, request);
            ZKAPILogs::Log("track", request.ToJSON(), response.ToJSON());

            if(response.Error != null)
            {
                this.updateShipment(shipment.RecId, ZKTrackingStatus::Error, response.Error.Message);
                continue;
            }
            else if(response.WebError != null)
                throw Error(response.WebError.ErrorMessage);

            for(i=0; i<response.Checkpoints.Length; i++)
            {
                checkPoint = response.Checkpoints.Get(i);
                this.handleCheckPoint(
                    checkPoint,
                    shipment.ZKCarrierCode,
                    shipment.ZKTrackingNumber,
                    0,
                    shipment.RecId,
                    response.Status);

            }

            if(response.Delivered == true)
                this.updateShipment(shipment.RecId, ZKTrackingStatus::Delivred);
        }
    }

]]></Source>
			</Method>
			<Method>
				<Name>updatePackage</Name>
				<Source><![CDATA[
    private void updatePackage(ZKPackageRecId _recId, ZKTrackingStatus _newStatus, ZKErrorMessage _msg = "")
    {
        ZKPackages package = ZKPackages::findRecId(_recId, true);

        ttsbegin;
        
        package.ZKTrackingStatus = _newStatus;
        package.ZKErrorMessage = _msg;
        package.update();

        ttscommit;
    }

]]></Source>
			</Method>
			<Method>
				<Name>updateShipment</Name>
				<Source><![CDATA[
    private void updateShipment(ZKShipmentRecId _recId, ZKTrackingStatus _newStatus, ZKErrorMessage _msg = "")
    {
        ZKShipments shipment = ZKShipments::findByRecId(_recId, true);

        ttsbegin;
        
        shipment.ZKTrackingStatus = _newStatus;
        shipment.ZKErrorMessage = _msg;
        shipment.update();

        ttscommit;
    }

]]></Source>
			</Method>
			<Method>
				<Name>handleCheckPoint</Name>
				<Source><![CDATA[
    private void handleCheckPoint(
        CheckPoint checkPoint,
        TMSCarrierCode carrierCode,
        ZKTrackingNumber trackingNumber,
        ZKPackageRecId recId,
        ZKShipmentRecId shipmentRecId,
        str status
        )
    {
        ZKTracksCheckPoints trackCheckPoints;

        select firstonly trackCheckPoints
            where
                trackCheckPoints.ZKTrackingNumber == trackingNumber &&
                trackCheckPoints.ZKDescription == checkPoint.Description &&
                trackCheckPoints.ZKTime == checkPoint.Time;

        if(trackCheckPoints.RecId)
            return;

        trackCheckPoints.initValue();
        trackCheckPoints.ZKCarrierCode      = carrierCode;
        trackCheckPoints.ZKStatus           = status;
        trackCheckPoints.ZKTrackingNumber   = trackingNumber;
        trackCheckPoints.ZKShipmentRecId    = shipmentRecId;
        trackCheckPoints.ZKPackageRecId     = recId;
        trackCheckPoints.ZKDescription      = checkPoint.Description;
        trackCheckPoints.ZKSignedBy         = checkPoint.SignedBy;
        trackCheckPoints.ZKTime             = checkPoint.Time;
        trackCheckPoints.ZKCity             = checkPoint.Location.City;
        trackCheckPoints.ZKCountry          = checkPoint.Location.Country;
        trackCheckPoints.ZKState            = checkPoint.Location.State;
        trackCheckPoints.insert();
    }

]]></Source>
			</Method>
		</Methods>
	</SourceCode>
</AxClass>