<?xml version="1.0" encoding="utf-8"?>
<AxEnum xmlns:i="http://www.w3.org/2001/XMLSchema-instance">
	<Name>ZKShipmentModule</Name>
	<EnumValues>
		<AxEnumValue>
			<Name>WMSShipment</Name>
			<Label>WMSShipment</Label>
		</AxEnumValue>
		<AxEnumValue>
			<Name>WHSShipmentTable</Name>
			<Label>WHSShipmentTable</Label>
			<Value>1</Value>
		</AxEnumValue>
		<AxEnumValue>
			<Name>WHSLoadTable</Name>
			<Label>WHSLoadTable</Label>
			<Value>2</Value>
		</AxEnumValue>
	</EnumValues>
</AxEnum>