<?xml version="1.0" encoding="utf-8"?>
<AxEnum xmlns:i="http://www.w3.org/2001/XMLSchema-instance">
	<Name>ZKTrackingStatus</Name>
	<Label>Tracking status</Label>
	<EnumValues>
		<AxEnumValue>
			<Name>None</Name>
			<Label>None</Label>
		</AxEnumValue>
		<AxEnumValue>
			<Name>Pending</Name>
			<Label>Pending</Label>
			<Value>1</Value>
		</AxEnumValue>
		<AxEnumValue>
			<Name>Delivred</Name>
			<Label>Delivred</Label>
			<Value>2</Value>
		</AxEnumValue>
		<AxEnumValue>
			<Name>Error</Name>
			<Label>Error</Label>
			<Value>3</Value>
		</AxEnumValue>
		<AxEnumValue>
			<Name>Canceled</Name>
			<Label>Canceled</Label>
			<Value>4</Value>
		</AxEnumValue>
	</EnumValues>
</AxEnum>