<?xml version="1.0" encoding="utf-8"?>
<AxMenuItemDisplay xmlns:i="http://www.w3.org/2001/XMLSchema-instance" xmlns="Microsoft.Dynamics.AX.Metadata.V1">
	<Name>ZKGetRatesDialogWHS</Name>
	<EnumParameter>WHSShipmentTable</EnumParameter>
	<EnumTypeParameter>ZKShipmentModule</EnumTypeParameter>
	<Label>@ZKSM:ZKSM0055</Label>
	<NeedsRecord>Yes</NeedsRecord>
	<Object>ZKGetRatesDialog</Object>
	<SubscriberAccessLevel>
		<Read xmlns="">Allow</Read>
	</SubscriberAccessLevel>
</AxMenuItemDisplay>