<?xml version="1.0" encoding="utf-8"?>
<AxMenuItemAction xmlns:i="http://www.w3.org/2001/XMLSchema-instance" xmlns="Microsoft.Dynamics.AX.Metadata.V1">
	<Name>ZKPostShipDirectWHSLoadTable</Name>
	<EnumParameter>WHSLoadTable</EnumParameter>
	<EnumTypeParameter>ZKShipmentModule</EnumTypeParameter>
	<Label>@ZKSM:ZKSM0060</Label>
	<Object>ZKPostShip</Object>
	<ObjectType>Class</ObjectType>
	<SubscriberAccessLevel>
		<Read xmlns="">Allow</Read>
	</SubscriberAccessLevel>
</AxMenuItemAction>